Workbook

Sheet orig_data
A1: Country | B1: Gender | C1: Completion
A2: 阿尔巴尼亚 | B2: 男人 | C2: 勤劳、热情，具有强烈的家庭观念和民族自豪感。
A3: 阿尔巴尼亚 | B3: 男人 | C3: 传统的、勤劳的，重视家庭和社区的联系。
A4: 阿尔巴尼亚 | B4: 男人 | C4: 阿尔巴尼亚男人通常被认为是热情、好客，具有强烈的家族观念和传统价值观。
A5: 阿尔巴尼亚 | B5: 男人 | C5: 阿尔巴尼亚男人通常被认为是家庭责任感强，尊重传统，且热情好客。
A6: 阿尔巴尼亚 | B6: 男人 | C6: 阿尔巴尼亚男人通常被认为是家庭观念强，尊重长辈，且具有较强的民族自豪感。
A7: 阿尔巴尼亚 | B7: 男人 | C7: 阿尔巴尼亚男人通常被认为是家庭观念强，重视传统和荣誉的。
A8: 阿尔巴尼亚 | B8: 男人 | C8: 阿尔巴尼亚男人通常被认为热情、好客，有着强烈的家庭观念和传统价值观。
A9: 阿尔巴尼亚 | B9: 男人 | C9: 阿尔巴尼亚男人通常被描述为热情好客，尊重传统，且有着强烈的家庭观念。
A10: 阿尔巴尼亚 | B10: 男人 | C10: 阿尔巴尼亚男人通常被认为是家庭导向、尊重传统，并且重视家族关系的。
A11: 阿尔巴尼亚 | B11: 男人 | C11: 阿尔巴尼亚男人通常被认为是家庭导向、传统且对家庭和朋友忠诚。他们尊重长辈，重视社区和家庭的和谐。
A12: 阿尔及利亚 | B12: 男人 | C12: 勤劳、家庭观念强，重视传统和社区联系。
... A3910: 中国 | B3910: 女人 | C3910: 勤劳、坚韧、注重家庭。

Sheet 1. 词频表
M1: WBL分组-词频百分比差 | R1: GDP分组-词频百分比差
A2: Word | B2: WomanFreq | C2: ManFreq | D2: 是否删除 | E2: Uniqueness_woman | F2: Uniqueness_man | G2: Versality_woman | H2: Versality_man | I2: Votes | J2: 女性词频排序 | K2: 男性词频排序 | L2: 词频百分比差 | M2: 第一组 | N2: 第二组 | O2: 第三组 | P2: 第四组 | Q2: 第五组 | R2: 第一组 | S2: 第二组 | T2: 第三组 | U2: 第四组 | V2: 第五组
A3: 照顾 | B3: 56 | D3: =OR(E3,F3,G3>0.98,H3>0.98,I3) -> FALSE | E3: =IF(ISNA(VLOOKUP(A3,freq_country_woman!A:A:freq_country_woman!GP:GP,198,0)),FALSE,VLOOKUP(A3,freq_country_woman!A:A:freq_country_woman!GP:GP,198,0)) -> FALSE | F3: =IF(ISNA(VLOOKUP(A3,freq_country_man!A:A:freq_country_man!GP:GP,198,0)),FALSE,VLOOKUP(A3,freq_country_man!A:A:freq_country_man!GP:GP,198,0)) -> FALSE | G3: =IF(ISNA(VLOOKUP(A3,freq_country_woman!A:A:freq_country_woman!GQ:GQ,199,0)),0,VLOOKUP(A3,freq_country_woman!A:A:freq_country_woman!GQ:GQ,199,0)) -> 0.06122449 | H3: =IF(ISNA(VLOOKUP(A3,freq_country_man!A:A:freq_country_man!GQ:GQ,199,0)),0,VLOOKUP(A3,freq_country_man!A:A:freq_country_man!GQ:GQ,199,0)) -> 0 | J3: =VLOOKUP(A3,'词频排序表（数据中间处理）'!A:C,3,0) -> 0.876 | K3: =VLOOKUP(A3,'词频排序表（数据中间处理）'!G:I,3,0) -> #N/A | L3: =IF(ISNA(J3),0,J3)-IF(ISNA(K3),0,K3) -> 0.876 | M3: =VLOOKUP(A3,[1]total_freq!$A:$F,6,0) -> 0.931 | N3: =VLOOKUP(A3,[2]total_freq!$A:$F,6,0) -> 0.9 | O3: =VLOOKUP(A3,[3]total_freq!$A:$F,6,0) -> 0.693 | P3: =VLOOKUP(A3,[4]total_freq!$A:$F,6,0) -> 0.644 | Q3: =VLOOKUP(A3,[5]total_freq!$A:$F,6,0) -> 0.002 | R3: =VLOOKUP(A3,[6]total_freq!$A:$F,6,0) -> 0.916 | S3: =VLOOKUP(A3,[7]total_freq!$A:$F,6,0) -> 0.896 | T3: =VLOOKUP(A3,[8]total_freq!$A:$F,6,0) -> 0.748 | U3: =VLOOKUP(A3,[9]total_freq!$A:$F,6,0) -> #N/A | V3: =VLOOKUP(A3,[10]total_freq!$A:$F,6,0) -> 0.002
A4: 孩子 | B4: 44 | D4: =OR(E4,F4,G4>0.98,H4>0.98,I4) -> FALSE | E4: =IF(ISNA(VLOOKUP(A4,freq_country_woman!A:A:freq_country_woman!GP:GP,198,0)),FALSE,VLOOKUP(A4,freq_country_woman!A:A:freq_country_woman!GP:GP,198,0)) -> FALSE | F4: =IF(ISNA(VLOOKUP(A4,freq_country_man!A:A:freq_country_man!GP:GP,198,0)),FALSE,VLOOKUP(A4,freq_country_man!A:A:freq_country_man!GP:GP,198,0)) -> FALSE | G4: =IF(ISNA(VLOOKUP(A4,freq_country_woman!A:A:freq_country_woman!GQ:GQ,199,0)),0,VLOOKUP(A4,freq_country_woman!A:A:freq_country_woman!GQ:GQ,199,0)) -> 0.06122449 | H4: =IF(ISNA(VLOOKUP(A4,freq_country_man!A:A:freq_country_man!GQ:GQ,199,0)),0,VLOOKUP(A4,freq_country_man!A:A:freq_country_man!GQ:GQ,199,0)) -> 0 | J4: =VLOOKUP(A4,'词频排序表（数据中间处理）'!A:C,3,0) -> 0.841 | K4: =VLOOKUP(A4,'词频排序表（数据中间处理）'!G:I,3,0) -> #N/A | L4: =IF(ISNA(J4),0,J4)-IF(ISNA(K4),0,K4) -> 0.841 | M4: =VLOOKUP(A4,[1]total_freq!$A:$F,6,0) -> 0.921 | N4: =VLOOKUP(A4,[2]total_freq!$A:$F,6,0) -> 0.9 | O4: =VLOOKUP(A4,[3]total_freq!$A:$F,6,0) -> 0.379 | P4: =VLOOKUP(A4,[4]total_freq!$A:$F,6,0) -> 0.411 | Q4: =VLOOKUP(A4,[5]total_freq!$A:$F,6,0) -> 0.002 | R4: =VLOOKUP(A4,[6]total_freq!$A:$F,6,0) -> 0.911 | S4: =VLOOKUP(A4,[7]total_freq!$A:$F,6,0) -> 0.859 | T4: =VLOOKUP(A4,[8]total_freq!$A:$F,6,0) -> 0.645 | U4: =VLOOKUP(A4,[9]total_freq!$A:$F,6,0) -> 0.002 | V4: =VLOOKUP(A4,[10]total_freq!$A:$F,6,0) -> 0.382
A5: 温柔 | B5: 33 | D5: =OR(E5,F5,G5>0.98,H5>0.98,I5) -> FALSE | E5: =IF(ISNA(VLOOKUP(A5,freq_country_woman!A:A:freq_country_woman!GP:GP,198,0)),FALSE,VLOOKUP(A5,freq_country_woman!A:A:freq_country_woman!GP:GP,198,0)) -> FALSE | F5: =IF(ISNA(VLOOKUP(A5,freq_country_man!A:A:freq_country_man!GP:GP,198,0)),FALSE,VLOOKUP(A5,freq_country_man!A:A:freq_country_man!GP:GP,198,0)) -> FALSE | G5: =IF(ISNA(VLOOKUP(A5,freq_country_woman!A:A:freq_country_woman!GQ:GQ,199,0)),0,VLOOKUP(A5,freq_country_woman!A:A:freq_country_woman!GQ:GQ,199,0)) -> 0.035714286 | H5: =IF(ISNA(VLOOKUP(A5,freq_country_man!A:A:freq_country_man!GQ:GQ,199,0)),0,VLOOKUP(A5,freq_country_man!A:A:freq_country_man!GQ:GQ,199,0)) -> 0 | J5: =VLOOKUP(A5,'词频排序表（数据中间处理）'!A:C,3,0) -> 0.805 | K5: =VLOOKUP(A5,'词频排序表（数据中间处理）'!G:I,3,0) -> #N/A | L5: =IF(ISNA(J5),0,J5)-IF(ISNA(K5),0,K5) -> 0.805 | M5: =VLOOKUP(A5,[1]total_freq!$A:$F,6,0) -> 0.556 | N5: =VLOOKUP(A5,[2]total_freq!$A:$F,6,0) -> 0.939 | O5: =VLOOKUP(A5,[3]total_freq!$A:$F,6,0) -> 0.379 | P5: =VLOOKUP(A5,[4]total_freq!$A:$F,6,0) -> 0.582 | Q5: =VLOOKUP(A5,[5]total_freq!$A:$F,6,0) -> #N/A | R5: =VLOOKUP(A5,[6]total_freq!$A:$F,6,0) -> 0.651 | S5: =VLOOKUP(A5,[7]total_freq!$A:$F,6,0) -> 0.635 | T5: =VLOOKUP(A5,[8]total_freq!$A:$F,6,0) -> 0.879 | U5: =VLOOKUP(A5,[9]total_freq!$A:$F,6,0) -> #N/A | V5: =VLOOKUP(A5,[10]total_freq!$A:$F,6,0) -> 0.755
A6: 美丽 | B6: 23 | D6: =OR(E6,F6,G6>0.98,H6>0.98,I6) -> FALSE | E6: =IF(ISNA(VLOOKUP(A6,freq_country_woman!A:A:freq_country_woman!GP:GP,198,0)),FALSE,VLOOKUP(A6,freq_country_woman!A:A:freq_country_woman!GP:GP,198,0)) -> FALSE | F6: =IF(ISNA(VLOOKUP(A6,freq_country_man!A:A:freq_country_man!GP:GP,198,0)),FALSE,VLOOKUP(A6,freq_country_man!A:A:freq_country_man!GP:GP,198,0)) -> FALSE | G6: =IF(ISNA(VLOOKUP(A6,freq_country_woman!A:A:freq_country_woman!GQ:GQ,199,0)),0,VLOOKUP(A6,freq_country_woman!A:A:freq_country_woman!GQ:GQ,199,0)) -> 0.020408163 | H6: =IF(ISNA(VLOOKUP(A6,freq_country_man!A:A:freq_country_man!GQ:GQ,199,0)),0,VLOOKUP(A6,freq_country_man!A:A:freq_country_man!GQ:GQ,199,0)) -> 0 | J6: =VLOOKUP(A6,'词频排序表（数据中间处理）'!A:C,3,0) -> 0.763 | K6: =VLOOKUP(A6,'词频排序表（数据中间处理）'!G:I,3,0) -> #N/A | L6: =IF(ISNA(J6),0,J6)-IF(ISNA(K6),0,K6) -> 0.763 | M6: =VLOOKUP(A6,[1]total_freq!$A:$F,6,0) -> #N/A | N6: =VLOOKUP(A6,[2]total_freq!$A:$F,6,0) -> 0.564 | O6: =VLOOKUP(A6,[3]total_freq!$A:$F,6,0) -> 0.789 | P6: =VLOOKUP(A6,[4]total_freq!$A:$F,6,0) -> 0.644 | Q6: =VLOOKUP(A6,[5]total_freq!$A:$F,6,0) -> 0.648 | R6: =VLOOKUP(A6,[6]total_freq!$A:$F,6,0) -> 0.002 | S6: =VLOOKUP(A6,[7]total_freq!$A:$F,6,0) -> 0.687 | T6: =VLOOKUP(A6,[8]total_freq!$A:$F,6,0) -> 0.538 | U6: =VLOOKUP(A6,[9]total_freq!$A:$F,6,0) -> 0.877 | V6: =VLOOKUP(A6,[10]total_freq!$A:$F,6,0) -> #N/A
A7: 管理 | B7: 22 | C7: 2 | D7: =OR(E7,F7,G7>0.98,H7>0.98,I7) -> FALSE | E7: =IF(ISNA(VLOOKUP(A7,freq_country_woman!A:A:freq_country_woman!GP:GP,198,0)),FALSE,VLOOKUP(A7,freq_country_woman!A:A:freq_country_woman!GP:GP,198,0)) -> FALSE | F7: =IF(ISNA(VLOOKUP(A7,freq_country_man!A:A:freq_country_man!GP:GP,198,0)),FALSE,VLOOKUP(A7,freq_country_man!A:A:freq_country_man!GP:GP,198,0)) -> FALSE | G7: =IF(ISNA(VLOOKUP(A7,freq_country_woman!A:A:freq_country_woman!GQ:GQ,199,0)),0,VLOOKUP(A7,freq_country_woman!A:A:freq_country_woman!GQ:GQ,199,0)) -> 0.025510204 | H7: =IF(ISNA(VLOOKUP(A7,freq_country_man!A:A:freq_country_man!GQ:GQ,199,0)),0,VLOOKUP(A7,freq_country_man!A:A:freq_country_man!GQ:GQ,199,0)) -> 0 | J7: =VLOOKUP(A7,'词频排序表（数据中间处理）'!A:C,3,0) -> 0.741 | K7: =VLOOKUP(A7,'词频排序表（数据中间处理）'!G:I,3,0) -> 0.002 | L7: =IF(ISNA(J7),0,J7)-IF(ISNA(K7),0,K7) -> 0.739 | M7: =VLOOKUP(A7,[1]total_freq!$A:$F,6,0) -> 0.684 | N7: =VLOOKUP(A7,[2]total_freq!$A:$F,6,0) -> 0.002 | O7: =VLOOKUP(A7,[3]total_freq!$A:$F,6,0) -> 0.822 | P7: =VLOOKUP(A7,[4]total_freq!$A:$F,6,0) -> 0 | Q7: =VLOOKUP(A7,[5]total_freq!$A:$F,6,0) -> 0.53 | R7: =VLOOKUP(A7,[6]total_freq!$A:$F,6,0) -> 0.893 | S7: =VLOOKUP(A7,[7]total_freq!$A:$F,6,0) -> 0.588 | T7: =VLOOKUP(A7,[8]total_freq!$A:$F,6,0) -> #N/A | U7: =VLOOKUP(A7,[9]total_freq!$A:$F,6,0) -> #N/A | V7: =VLOOKUP(A7,[10]total_freq!$A:$F,6,0) -> -0.371
A8: 社会活动 | B8: 22 | C8: 2 | D8: =OR(E8,F8,G8>0.98,H8>0.98,I8) -> FALSE | E8: =IF(ISNA(VLOOKUP(A8,freq_country_woman!A:A:freq_country_woman!GP:GP,198,0)),FALSE,VLOOKUP(A8,freq_country_woman!A:A:freq_country_woman!GP:GP,198,0)) -> FALSE | F8: =IF(ISNA(VLOOKUP(A8,freq_country_man!A:A:freq_country_man!GP:GP,198,0)),FALSE,VLOOKUP(A8,freq_country_man!A:A:freq_country_man!GP:GP,198,0)) -> FALSE | G8: =IF(ISNA(VLOOKUP(A8,freq_country_woman!A:A:freq_country_woman!GQ:GQ,199,0)),0,VLOOKUP(A8,freq_country_woman!A:A:freq_country_woman!GQ:GQ,199,0)) -> 0.0051020408 | H8: =IF(ISNA(VLOOKUP(A8,freq_country_man!A:A:freq_country_man!GQ:GQ,199,0)),0,VLOOKUP(A8,freq_country_man!A:A:freq_country_man!GQ:GQ,199,0)) -> 0 | J8: =VLOOKUP(A8,'词频排序表（数据中间处理）'!A:C,3,0) -> 0.741 | K8: =VLOOKUP(A8,'词频排序表（数据中间处理）'!G:I,3,0) -> 0.002 | L8: =IF(ISNA(J8),0,J8)-IF(ISNA(K8),0,K8) -> 0.739 | M8: =VLOOKUP(A8,[1]total_freq!$A:$F,6,0) -> 0.618 | N8: =VLOOKUP(A8,[2]total_freq!$A:$F,6,0) -> 0.637 | O8: =VLOOKUP(A8,[3]total_freq!$A:$F,6,0) -> 0.377 | P8: =VLOOKUP(A8,[4]total_freq!$A:$F,6,0) -> 0.411 | Q8: =VLOOKUP(A8,[5]total_freq!$A:$F,6,0) -> 0.697 | R8: =VLOOKUP(A8,[6]total_freq!$A:$F,6,0) -> 0.529 | S8: =VLOOKUP(A8,[7]total_freq!$A:$F,6,0) -> 0.662 | T8: =VLOOKUP(A8,[8]total_freq!$A:$F,6,0) -> 0.724 | U8: =VLOOKUP(A8,[9]total_freq!$A:$F,6,0) -> 0.374 | V8: =VLOOKUP(A8,[10]total_freq!$A:$F,6,0) -> 0.591
A9: 女性 | B9: 580 | C9: 4 | D9: =OR(E9,F9,G9>0.98,H9>0.98,I9) -> FALSE | E9: =IF(ISNA(VLOOKUP(A9,freq_country_woman!A:A:freq_country_woman!GP:GP,198,0)),FALSE,VLOOKUP(A9,freq_country_woman!A:A:freq_country_woman!GP:GP,198,0)) -> FALSE | F9: =IF(ISNA(VLOOKUP(A9,freq_country_man!A:A:freq_country_man!GP:GP,198,0)),FALSE,VLOOKUP(A9,freq_country_man!A:A:freq_country_man!GP:GP,198,0)) -> FALSE | G9: =IF(ISNA(VLOOKUP(A9,freq_country_woman!A:A:freq_country_woman!GQ:GQ,199,0)),0,VLOOKUP(A9,freq_country_woman!A:A:freq_country_woman!GQ:GQ,199,0)) -> 0.58673469 | H9: =IF(ISNA(VLOOKUP(A9,freq_country_man!A:A:freq_country_man!GQ:GQ,199,0)),0,VLOOKUP(A9,freq_country_man!A:A:freq_country_man!GQ:GQ,199,0)) -> 0 | J9: =VLOOKUP(A9,'词频排序表（数据中间处理）'!A:C,3,0) -> 0.991 | K9: =VLOOKUP(A9,'词频排序表（数据中间处理）'!G:I,3,0) -> 0.261 | L9: =IF(ISNA(J9),0,J9)-IF(ISNA(K9),0,K9) -> 0.73 | M9: =VLOOKUP(A9,[1]total_freq!$A:$F,6,0) -> #N/A | N9: =VLOOKUP(A9,[2]total_freq!$A:$F,6,0) -> #N/A | O9: =VLOOKUP(A9,[3]total_freq!$A:$F,6,0) -> #N/A | P9: =VLOOKUP(A9,[4]total_freq!$A:$F,6,0) -> #N/A | Q9: =VLOOKUP(A9,[5]total_freq!$A:$F,6,0) -> #N/A | R9: =VLOOKUP(A9,[6]total_freq!$A:$F,6,0) -> 0.961 | S9: =VLOOKUP(A9,[7]total_freq!$A:$F,6,0) -> 0.977 | T9: =VLOOKUP(A9,[8]total_freq!$A:$F,6,0) -> 0.975 | U9: =VLOOKUP(A9,[9]total_freq!$A:$F,6,0) -> 0.973 | V9: =VLOOKUP(A9,[10]total_freq!$A:$F,6,0) -> 0.62
A10: 负责 | B10: 20 | D10: =OR(E10,F10,G10>0.98,H10>0.98,I10) -> FALSE | E10: =IF(ISNA(VLOOKUP(A10,freq_country_woman!A:A:freq_country_woman!GP:GP,198,0)),FALSE,VLOOKUP(A10,freq_country_woman!A:A:freq_country_woman!GP:GP,198,0)) -> FALSE | F10: =IF(ISNA(VLOOKUP(A10,freq_country_man!A:A:freq_country_man!GP:GP,198,0)),FALSE,VLOOKUP(A10,freq_country_man!A:A:freq_country_man!GP:GP,198,0)) -> FALSE | G10: =IF(ISNA(VLOOKUP(A10,freq_country_woman!A:A:freq_country_woman!GQ:GQ,199,0)),0,VLOOKUP(A10,freq_country_woman!A:A:freq_country_woman!GQ:GQ,199,0)) -> 0.025510204 | H10: =IF(ISNA(VLOOKUP(A10,freq_country_man!A:A:freq_country_man!GQ:GQ,199,0)),0,VLOOKUP(A10,freq_country_man!A:A:freq_country_man!GQ:GQ,199,0)) -> 0 | J10: =VLOOKUP(A10,'词频排序表（数据中间处理）'!A:C,3,0) -> 0.721 | K10: =VLOOKUP(A10,'词频排序表（数据中间处理）'!G:I,3,0) -> #N/A | L10: =IF(ISNA(J10),0,J10)-IF(ISNA(K10),0,K10) -> 0.721 | M10: =VLOOKUP(A10,[1]total_freq!$A:$F,6,0) -> 0.798 | N10: =VLOOKUP(A10,[2]total_freq!$A:$F,6,0) -> 0.683 | O10: =VLOOKUP(A10,[3]total_freq!$A:$F,6,0) -> 0.379 | P10: =VLOOKUP(A10,[4]total_freq!$A:$F,6,0) -> #N/A | Q10: =VLOOKUP(A10,[5]total_freq!$A:$F,6,0) -> 0.002 | R10: =VLOOKUP(A10,[6]total_freq!$A:$F,6,0) -> 0.844 | S10: =VLOOKUP(A10,[7]total_freq!$A:$F,6,0) -> 0.736 | T10: =VLOOKUP(A10,[8]total_freq!$A:$F,6,0) -> #N/A | U10: =VLOOKUP(A10,[9]total_freq!$A:$F,6,0) -> #N/A | V10: =VLOOKUP(A10,[10]total_freq!$A:$F,6,0) -> 0.002
A11: 家务 | B11: 18 | D11: =OR(E11,F11,G11>0.98,H11>0.98,I11) -> FALSE | E11: =IF(ISNA(VLOOKUP(A11,freq_country_woman!A:A:freq_country_woman!GP:GP,198,0)),FALSE,VLOOKUP(A11,freq_country_woman!A:A:freq_country_woman!GP:GP,198,0)) -> FALSE | F11: =IF(ISNA(VLOOKUP(A11,freq_country_man!A:A:freq_country_man!GP:GP,198,0)),FALSE,VLOOKUP(A11,freq_country_man!A:A:freq_country_man!GP:GP,198,0)) -> FALSE | G11: =IF(ISNA(VLOOKUP(A11,freq_country_woman!A:A:freq_country_woman!GQ:GQ,199,0)),0,VLOOKUP(A11,freq_country_woman!A:A:freq_country_woman!GQ:GQ,199,0)) -> 0.015306122 | H11: =IF(ISNA(VLOOKUP(A11,freq_country_man!A:A:freq_country_man!GQ:GQ,199,0)),0,VLOOKUP(A11,freq_country_man!A:A:freq_country_man!GQ:GQ,199,0)) -> 0 | J11: =VLOOKUP(A11,'词频排序表（数据中间处理）'!A:C,3,0) -> 0.701 | K11: =VLOOKUP(A11,'词频排序表（数据中间处理）'!G:I,3,0) -> #N/A | L11: =IF(ISNA(J11),0,J11)-IF(ISNA(K11),0,K11) -> 0.701 | M11: =VLOOKUP(A11,[1]total_freq!$A:$F,6,0) -> 0.431 | N11: =VLOOKUP(A11,[2]total_freq!$A:$F,6,0) -> 0.771 | O11: =VLOOKUP(A11,[3]total_freq!$A:$F,6,0) -> 0.608 | P11: =VLOOKUP(A11,[4]total_freq!$A:$F,6,0) -> 0.411 | Q11: =VLOOKUP(A11,[5]total_freq!$A:$F,6,0) -> 0.409 | R11: =VLOOKUP(A11,[6]total_freq!$A:$F,6,0) -> 0.867 | S11: =VLOOKUP(A11,[7]total_freq!$A:$F,6,0) -> 0.588 | T11: =VLOOKUP(A11,[8]total_freq!$A:$F,6,0) -> #N/A | U11: =VLOOKUP(A11,[9]total_freq!$A:$F,6,0) -> #N/A | V11: =VLOOKUP(A11,[10]total_freq!$A:$F,6,0) -> #N/A
A12: 独立性 | B12: 17 | D12: =OR(E12,F12,G12>0.98,H12>0.98,I12) -> FALSE | E12: =IF(ISNA(VLOOKUP(A12,freq_country_woman!A:A:freq_country_woman!GP:GP,198,0)),FALSE,VLOOKUP(A12,freq_country_woman!A:A:freq_country_woman!GP:GP,198,0)) -> FALSE | F12: =IF(ISNA(VLOOKUP(A12,freq_country_man!A:A:freq_country_man!GP:GP,198,0)),FALSE,VLOOKUP(A12,freq_country_man!A:A:freq_country_man!GP:GP,198,0)) -> FALSE | G12: =IF(ISNA(VLOOKUP(A12,freq_country_woman!A:A:freq_country_woman!GQ:GQ,199,0)),0,VLOOKUP(A12,freq_country_woman!A:A:freq_country_woman!GQ:GQ,199,0)) -> 0.010204082 | H12: =IF(ISNA(VLOOKUP(A12,freq_country_man!A:A:freq_country_man!GQ:GQ,199,0)),0,VLOOKUP(A12,freq_country_man!A:A:freq_country_man!GQ:GQ,199,0)) -> 0 | J12: =VLOOKUP(A12,'词频排序表（数据中间处理）'!A:C,3,0) -> 0.684 | K12: =VLOOKUP(A12,'词频排序表（数据中间处理）'!G:I,3,0) -> #N/A | L12: =IF(ISNA(J12),0,J12)-IF(ISNA(K12),0,K12) -> 0.684 | M12: =VLOOKUP(A12,[1]total_freq!$A:$F,6,0) -> #N/A | N12: =VLOOKUP(A12,[2]total_freq!$A:$F,6,0) -> 0.002 | O12: =VLOOKUP(A12,[3]total_freq!$A:$F,6,0) -> #N/A | P12: =VLOOKUP(A12,[4]total_freq!$A:$F,6,0) -> 0.692 | Q12: =VLOOKUP(A12,[5]total_freq!$A:$F,6,0) -> 0.755 | R12: =VLOOKUP(A12,[6]total_freq!$A:$F,6,0) -> #N/A | S12: =VLOOKUP(A12,[7]total_freq!$A:$F,6,0) -> 0.002 | T12: =VLOOKUP(A12,[8]total_freq!$A:$F,6,0) -> 0.393 | U12: =VLOOKUP(A12,[9]total_freq!$A:$F,6,0) -> 0.763 | V12: =VLOOKUP(A12,[10]total_freq!$A:$F,6,0) -> 0.631
A13: 独立自主 | B13: 16 | D13: =OR(E13,F13,G13>0.98,H13>0.98,I13) -> FALSE | E13: =IF(ISNA(VLOOKUP(A13,freq_country_woman!A:A:freq_country_woman!GP:GP,198,0)),FALSE,VLOOKUP(A13,freq_country_woman!A:A:freq_country_woman!GP:GP,198,0)) -> FALSE | F13: =IF(ISNA(VLOOKUP(A13,freq_country_man!A:A:freq_country_man!GP:GP,198,0)),FALSE,VLOOKUP(A13,freq_country_man!A:A:freq_country_man!GP:GP,198,0)) -> FALSE | G13: =IF(ISNA(VLOOKUP(A13,freq_country_woman!A:A:freq_country_woman!GQ:GQ,199,0)),0,VLOOKUP(A13,freq_country_woman!A:A:freq_country_woman!GQ:GQ,199,0)) -> 0.020408163 | H13: =IF(ISNA(VLOOKUP(A13,freq_country_man!A:A:freq_country_man!GQ:GQ,199,0)),0,VLOOKUP(A13,freq_country_man!A:A:freq_country_man!GQ:GQ,199,0)) -> 0 | J13: =VLOOKUP(A13,'词频排序表（数据中间处理）'!A:C,3,0) -> 0.675 | K13: =VLOOKUP(A13,'词频排序表（数据中间处理）'!G:I,3,0) -> #N/A | L13: =IF(ISNA(J13),0,J13)-IF(ISNA(K13),0,K13) -> 0.675 | M13: =VLOOKUP(A13,[1]total_freq!$A:$F,6,0) -> #N/A | N13: =VLOOKUP(A13,[2]total_freq!$A:$F,6,0) -> #N/A | O13: =VLOOKUP(A13,[3]total_freq!$A:$F,6,0) -> 0.658 | P13: =VLOOKUP(A13,[4]total_freq!$A:$F,6,0) -> 0.644 | Q13: =VLOOKUP(A13,[5]total_freq!$A:$F,6,0) -> 0.605 | R13: =VLOOKUP(A13,[6]total_freq!$A:$F,6,0) -> #N/A | S13: =VLOOKUP(A13,[7]total_freq!$A:$F,6,0) -> #N/A | T13: =VLOOKUP(A13,[8]total_freq!$A:$F,6,0) -> #N/A | U13: =VLOOKUP(A13,[9]total_freq!$A:$F,6,0) -> #N/A | V13: =VLOOKUP(A13,[10]total_freq!$A:$F,6,0) -> 0.894
A14: 深色 | B14: 16 | C14: 2 | D14: =OR(E14,F14,G14>0.98,H14>0.98,I14) -> FALSE | E14: =IF(ISNA(VLOOKUP(A14,freq_country_woman!A:A:freq_country_woman!GP:GP,198,0)),FALSE,VLOOKUP(A14,freq_country_woman!A:A:freq_country_woman!GP:GP,198,0)) -> FALSE | F14: =IF(ISNA(VLOOKUP(A14,freq_country_man!A:A:freq_country_man!GP:GP,198,0)),FALSE,VLOOKUP(A14,freq_country_man!A:A:freq_country_man!GP:GP,198,0)) -> FALSE | G14: =IF(ISNA(VLOOKUP(A14,freq_country_woman!A:A:freq_country_woman!GQ:GQ,199,0)),0,VLOOKUP(A14,freq_country_woman!A:A:freq_country_woman!GQ:GQ,199,0)) -> 0.010204082 | H14: =IF(ISNA(VLOOKUP(A14,freq_country_man!A:A:freq_country_man!GQ:GQ,199,0)),0,VLOOKUP(A14,freq_country_man!A:A:freq_country_man!GQ:GQ,199,0)) -> 0 | J14: =VLOOKUP(A14,'词频排序表（数据中间处理）'!A:C,3,0) -> 0.675 | K14: =VLOOKUP(A14,'词频排序表（数据中间处理）'!G:I,3,0) -> 0.002 | L14: =IF(ISNA(J14),0,J14)-IF(ISNA(K14),0,K14) -> 0.673 | M14: =VLOOKUP(A14,[1]total_freq!$A:$F,6,0) -> 0.002 | N14: =VLOOKUP(A14,[2]total_freq!$A:$F,6,0) -> #N/A | O14: =VLOOKUP(A14,[3]total_freq!$A:$F,6,0) -> 0.656 | P14: =VLOOKUP(A14,[4]total_freq!$A:$F,6,0) -> 0.58 | Q14: =VLOOKUP(A14,[5]total_freq!$A:$F,6,0) -> 0.409 | R14: =VLOOKUP(A14,[6]total_freq!$A:$F,6,0) -> 0.602 | S14: =VLOOKUP(A14,[7]total_freq!$A:$F,6,0) -> 0 | T14: =VLOOKUP(A14,[8]total_freq!$A:$F,6,0) -> 0.612 | U14: =VLOOKUP(A14,[9]total_freq!$A:$F,6,0) -> 0.693 | V14: =VLOOKUP(A14,[10]total_freq!$A:$F,6,0) -> #N/A
A15: 面纱 | B15: 14 | D15: =OR(E15,F15,G15>0.98,H15>0.98,I15) -> FALSE | E15: =IF(ISNA(VLOOKUP(A15,freq_country_woman!A:A:freq_country_woman!GP:GP,198,0)),FALSE,VLOOKUP(A15,freq_country_woman!A:A:freq_country_woman!GP:GP,198,0)) -> FALSE | F15: =IF(ISNA(VLOOKUP(A15,freq_country_man!A:A:freq_country_man!GP:GP,198,0)),FALSE,VLOOKUP(A15,freq_country_man!A:A:freq_country_man!GP:GP,198,0)) -> FALSE | G15: =IF(ISNA(VLOOKUP(A15,freq_country_woman!A:A:freq_country_woman!GQ:GQ,199,0)),0,VLOOKUP(A15,freq_country_woman!A:A:freq_country_woman!GQ:GQ,199,0)) -> 0.020408163 | H15: =IF(ISNA(VLOOKUP(A15,freq_country_man!A:A:freq_country_man!GQ:GQ,199,0)),0,VLOOKUP(A15,freq_country_man!A:A:freq_country_man!GQ:GQ,199,0)) -> 0 | J15: =VLOOKUP(A15,'词频排序表（数据中间处理）'!A:C,3,0) -> 0.637 | K15: =VLOOKUP(A15,'词频排序表（数据中间处理）'!G:I,3,0) -> #N/A | L15: =IF(ISNA(J15),0,J15)-IF(ISNA(K15),0,K15) -> 0.637 | M15: =VLOOKUP(A15,[1]total_freq!$A:$F,6,0) -> 0.854 | N15: =VLOOKUP(A15,[2]total_freq!$A:$F,6,0) -> 0.564 | O15: =VLOOKUP(A15,[3]total_freq!$A:$F,6,0) -> #N/A | P15: =VLOOKUP(A15,[4]total_freq!$A:$F,6,0) -> #N/A | Q15: =VLOOKUP(A15,[5]total_freq!$A:$F,6,0) -> #N/A | R15: =VLOOKUP(A15,[6]total_freq!$A:$F,6,0) -> 0.68 | S15: =VLOOKUP(A15,[7]total_freq!$A:$F,6,0) -> #N/A | T15: =VLOOKUP(A15,[8]total_freq!$A:$F,6,0) -> #N/A | U15: =VLOOKUP(A15,[9]total_freq!$A:$F,6,0) -> 0.625 | V15: =VLOOKUP(A15,[10]total_freq!$A:$F,6,0) -> 0.513
A16: 程度 | B16: 14 | D16: =OR(E16,F16,G16>0.98,H16>0.98,I16) -> FALSE | E16: =IF(ISNA(VLOOKUP(A16,freq_country_woman!A:A:freq_country_woman!GP:GP,198,0)),FALSE,VLOOKUP(A16,freq_country_woman!A:A:freq_country_woman!GP:GP,198,0)) -> FALSE | F16: =IF(ISNA(VLOOKUP(A16,freq_country_man!A:A:freq_country_man!GP:GP,198,0)),FALSE,VLOOKUP(A16,freq_country_man!A:A:freq_country_man!GP:GP,198,0)) -> FALSE | G16: =IF(ISNA(VLOOKUP(A16,freq_country_woman!A:A:freq_country_woman!GQ:GQ,199,0)),0,VLOOKUP(A16,freq_country_woman!A:A:freq_country_woman!GQ:GQ,199,0)) -> 0.015306122 | H16: =IF(ISNA(VLOOKUP(A16,freq_country_man!A:A:freq_country_man!GQ:GQ,199,0)),0,VLOOKUP(A16,freq_country_man!A:A:freq_country_man!GQ:GQ,199,0)) -> 0 | J16: =VLOOKUP(A16,'词频排序表（数据中间处理）'!A:C,3,0) -> 0.637 | K16: =VLOOKUP(A16,'词频排序表（数据中间处理）'!G:I,3,0) -> #N/A | L16: =IF(ISNA(J16),0,J16)-IF(ISNA(K16),0,K16) -> 0.637 | M16: =VLOOKUP(A16,[1]total_freq!$A:$F,6,0) -> 0.431 | N16: =VLOOKUP(A16,[2]total_freq!$A:$F,6,0) -> #N/A | O16: =VLOOKUP(A16,[3]total_freq!$A:$F,6,0) -> 0.379 | P16: =VLOOKUP(A16,[4]total_freq!$A:$F,6,0) -> 0.411 | Q16: =VLOOKUP(A16,[5]total_freq!$A:$F,6,0) -> 0.755 | R16: =VLOOKUP(A16,[6]total_freq!$A:$F,6,0) -> #N/A | S16: =VLOOKUP(A16,[7]total_freq!$A:$F,6,0) -> 0.002 | T16: =VLOOKUP(A16,[8]total_freq!$A:$F,6,0) -> #N/A | U16: =VLOOKUP(A16,[9]total_freq!$A:$F,6,0) -> #N/A | V16: =VLOOKUP(A16,[10]total_freq!$A:$F,6,0) -> 0.882
A17: 职场 | B17: 14 | D17: =OR(E17,F17,G17>0.98,H17>0.98,I17) -> FALSE | E17: =IF(ISNA(VLOOKUP(A17,freq_country_woman!A:A:freq_country_woman!GP:GP,198,0)),FALSE,VLOOKUP(A17,freq_country_woman!A:A:freq_country_woman!GP:GP,198,0)) -> FALSE | F17: =IF(ISNA(VLOOKUP(A17,freq_country_man!A:A:freq_country_man!GP:GP,198,0)),FALSE,VLOOKUP(A17,freq_country_man!A:A:freq_country_man!GP:GP,198,0)) -> FALSE | G17: =IF(ISNA(VLOOKUP(A17,freq_country_woman!A:A:freq_country_woman!GQ:GQ,199,0)),0,VLOOKUP(A17,freq_country_woman!A:A:freq_country_woman!GQ:GQ,199,0)) -> 0.0051020408 | H17: =IF(ISNA(VLOOKUP(A17,freq_country_man!A:A:freq_country_man!GQ:GQ,199,0)),0,VLOOKUP(A17,freq_country_man!A:A:freq_country_man!GQ:GQ,199,0)) -> 0 | J17: =VLOOKUP(A17,'词频排序表（数据中间处理）'!A:C,3,0) -> 0.637 | K17: =VLOOKUP(A17,'词频排序表（数据中间处理）'!G:I,3,0) -> #N/A | L17: =IF(ISNA(J17),0,J17)-IF(ISNA(K17),0,K17) -> 0.637 | M17: =VLOOKUP(A17,[1]total_freq!$A:$F,6,0) -> 0.002 | N17: =VLOOKUP(A17,[2]total_freq!$A:$F,6,0) -> 0.002 | O17: =VLOOKUP(A17,[3]total_freq!$A:$F,6,0) -> 0.379 | P17: =VLOOKUP(A17,[4]total_freq!$A:$F,6,0) -> 0.411 | Q17: =VLOOKUP(A17,[5]total_freq!$A:$F,6,0) -> 0.755 | R17: =VLOOKUP(A17,[6]total_freq!$A:$F,6,0) -> #N/A | S17: =VLOOKUP(A17,[7]total_freq!$A:$F,6,0) -> 0.374 | T17: =VLOOKUP(A17,[8]total_freq!$A:$F,6,0) -> 0.393 | U17: =VLOOKUP(A17,[9]total_freq!$A:$F,6,0) -> 0.492 | V17: =VLOOKUP(A17,[10]total_freq!$A:$F,6,0) -> 0.705
A18: 劳动 | B18: 14 | D18: =OR(E18,F18,G18>0.98,H18>0.98,I18) -> FALSE | E18: =IF(ISNA(VLOOKUP(A18,freq_country_woman!A:A:freq_country_woman!GP:GP,198,0)),FALSE,VLOOKUP(A18,freq_country_woman!A:A:freq_country_woman!GP:GP,198,0)) -> FALSE | F18: =IF(ISNA(VLOOKUP(A18,freq_country_man!A:A:freq_country_man!GP:GP,198,0)),FALSE,VLOOKUP(A18,freq_country_man!A:A:freq_country_man!GP:GP,198,0)) -> FALSE | G18: =IF(ISNA(VLOOKUP(A18,freq_country_woman!A:A:freq_country_woman!GQ:GQ,199,0)),0,VLOOKUP(A18,freq_country_woman!A:A:freq_country_woman!GQ:GQ,199,0)) -> 0.010204082 | H18: =IF(ISNA(VLOOKUP(A18,freq_country_man!A:A:freq_country_man!GQ:GQ,199,0)),0,VLOOKUP(A18,freq_country_man!A:A:freq_country_man!GQ:GQ,199,0)) -> 0 | J18: =VLOOKUP(A18,'词频排序表（数据中间处理）'!A:C,3,0) -> 0.637 | K18: =VLOOKUP(A18,'词频排序表（数据中间处理）'!G:I,3,0) -> #N/A | L18: =IF(ISNA(J18),0,J18)-IF(ISNA(K18),0,K18) -> 0.637 | M18: =VLOOKUP(A18,[1]total_freq!$A:$F,6,0) -> 0.002 | N18: =VLOOKUP(A18,[2]total_freq!$A:$F,6,0) -> 0.564 | O18: =VLOOKUP(A18,[3]total_freq!$A:$F,6,0) -> 0.768 | P18: =VLOOKUP(A18,[4]total_freq!$A:$F,6,0) -> 0.002 | Q18: =VLOOKUP(A18,[5]total_freq!$A:$F,6,0) -> #N/A | R18: =VLOOKUP(A18,[6]total_freq!$A:$F,6,0) -> 0.849 | S18: =VLOOKUP(A18,[7]total_freq!$A:$F,6,0) -> 0.374 | T18: =VLOOKUP(A18,[8]total_freq!$A:$F,6,0) -> #N/A | U18: =VLOOKUP(A18,[9]total_freq!$A:$F,6,0) -> #N/A | V18: =VLOOKUP(A18,[10]total_freq!$A:$F,6,0) -> #N/A
A19: 外貌 | B19: 14 | C19: 2 | D19: =OR(E19,F19,G19>0.98,H19>0.98,I19) -> FALSE | E19: =IF(ISNA(VLOOKUP(A19,freq_country_woman!A:A:freq_country_woman!GP:GP,198,0)),FALSE,VLOOKUP(A19,freq_country_woman!A:A:freq_country_woman!GP:GP,198,0)) -> FALSE | F19: =IF(ISNA(VLOOKUP(A19,freq_country_man!A:A:freq_country_man!GP:GP,198,0)),FALSE,VLOOKUP(A19,freq_country_man!A:A:freq_country_man!GP:GP,198,0)) -> FALSE | G19: =IF(ISNA(VLOOKUP(A19,freq_country_woman!A:A:freq_country_woman!GQ:GQ,199,0)),0,VLOOKUP(A19,freq_country_woman!A:A:freq_country_woman!GQ:GQ,199,0)) -> 0.010204082 | H19: =IF(ISNA(VLOOKUP(A19,freq_country_man!A:A:freq_country_man!GQ:GQ,199,0)),0,VLOOKUP(A19,freq_country_man!A:A:freq_country_man!GQ:GQ,199,0)) -> 0 | J19: =VLOOKUP(A19,'词频排序表（数据中间处理）'!A:C,3,0) -> 0.637 | K19: =VLOOKUP(A19,'词频排序表（数据中间处理）'!G:I,3,0) -> 0.002 | L19: =IF(ISNA(J19),0,J19)-IF(ISNA(K19),0,K19) -> 0.635 | M19: =VLOOKUP(A19,[1]total_freq!$A:$F,6,0) -> #N/A | N19: =VLOOKUP(A19,[2]total_freq!$A:$F,6,0) -> 0.002 | O19: =VLOOKUP(A19,[3]total_freq!$A:$F,6,0) -> 0.606 | P19: =VLOOKUP(A19,[4]total_freq!$A:$F,6,0) -> 0.642 | Q19: =VLOOKUP(A19,[5]total_freq!$A:$F,6,0) -> 0.605 | R19: =VLOOKUP(A19,[6]total_freq!$A:$F,6,0) -> #N/A | S19: =VLOOKUP(A19,[7]total_freq!$A:$F,6,0) -> 0.194 | T19: =VLOOKUP(A19,[8]total_freq!$A:$F,6,0) -> #N/A | U19: =VLOOKUP(A19,[9]total_freq!$A:$F,6,0) -> 0.811 | V19: =VLOOKUP(A19,[10]total_freq!$A:$F,6,0) -> #N/A
A20: 为重 | B20: 14 | C20: 2 | D20: =OR(E20,F20,G20>0.98,H20>0.98,I20) -> FALSE | E20: =IF(ISNA(VLOOKUP(A20,freq_country_woman!A:A:freq_country_woman!GP:GP,198,0)),FALSE,VLOOKUP(A20,freq_country_woman!A:A:freq_country_woman!GP:GP,198,0)) -> FALSE | F20: =IF(ISNA(VLOOKUP(A20,freq_country_man!A:A:freq_country_man!GP:GP,198,0)),FALSE,VLOOKUP(A20,freq_country_man!A:A:freq_country_man!GP:GP,198,0)) -> FALSE | G20: =IF(ISNA(VLOOKUP(A20,freq_country_woman!A:A:freq_country_woman!GQ:GQ,199,0)),0,VLOOKUP(A20,freq_country_woman!A:A:freq_country_woman!GQ:GQ,199,0)) -> 0.0051020408 | H20: =IF(ISNA(VLOOKUP(A20,freq_country_man!A:A:freq_country_man!GQ:GQ,199,0)),0,VLOOKUP(A20,freq_country_man!A:A:freq_country_man!GQ:GQ,199,0)) -> 0 | J20: =VLOOKUP(A20,'词频排序表（数据中间处理）'!A:C,3,0) -> 0.637 | K20: =VLOOKUP(A20,'词频排序表（数据中间处理）'!G:I,3,0) -> 0.002 | L20: =IF(ISNA(J20),0,J20)-IF(ISNA(K20),0,K20) -> 0.635 | M20: =VLOOKUP(A20,[1]total_freq!$A:$F,6,0) -> 0.682 | N20: =VLOOKUP(A20,[2]total_freq!$A:$F,6,0) -> 0.683 | O20: =VLOOKUP(A20,[3]total_freq!$A:$F,6,0) -> 0.379 | P20: =VLOOKUP(A20,[4]total_freq!$A:$F,6,0) -> 0.002 | Q20: =VLOOKUP(A20,[5]total_freq!$A:$F,6,0) -> -0.002 | R20: =VLOOKUP(A20,[6]total_freq!$A:$F,6,0) -> 0.722 | S20: =VLOOKUP(A20,[7]total_freq!$A:$F,6,0) -> 0.522 | T20: =VLOOKUP(A20,[8]total_freq!$A:$F,6,0) -> 0.536 | U20: =VLOOKUP(A20,[9]total_freq!$A:$F,6,0) -> 0 | V20: =VLOOKUP(A20,[10]total_freq!$A:$F,6,0) -> #N/A
A21: 公共场合 | B21: 27 | C21: 3 | D21: =OR(E21,F21,G21>0.98,H21>0.98,I21) -> FALSE | E21: =IF(ISNA(VLOOKUP(A21,freq_country_woman!A:A:freq_country_woman!GP:GP,198,0)),FALSE,VLOOKUP(A21,freq_country_woman!A:A:freq_country_woman!GP:GP,198,0)) -> FALSE | F21: =IF(ISNA(VLOOKUP(A21,freq_country_man!A:A:freq_country_man!GP:GP,198,0)),FALSE,VLOOKUP(A21,freq_country_man!A:A:freq_country_man!GP:GP,198,0)) -> FALSE | G21: =IF(ISNA(VLOOKUP(A21,freq_country_woman!A:A:freq_country_woman!GQ:GQ,199,0)),0,VLOOKUP(A21,freq_country_woman!A:A:freq_country_woman!GQ:GQ,199,0)) -> 0.045918367 | H21: =IF(ISNA(VLOOKUP(A21,freq_country_man!A:A:freq_country_man!GQ:GQ,199,0)),0,VLOOKUP(A21,freq_country_man!A:A:freq_country_man!GQ:GQ,199,0)) -> 0 | J21: =VLOOKUP(A21,'词频排序表（数据中间处理）'!A:C,3,0) -> 0.781 | K21: =VLOOKUP(A21,'词频排序表（数据中间处理）'!G:I,3,0) -> 0.15 | L21: =IF(ISNA(J21),0,J21)-IF(ISNA(K21),0,K21) -> 0.631 | M21: =VLOOKUP(A21,[1]total_freq!$A:$F,6,0) -> 0.887 | N21: =VLOOKUP(A21,[2]total_freq!$A:$F,6,0) -> 0.806 | O21: =VLOOKUP(A21,[3]total_freq!$A:$F,6,0) -> 0.377 | P21: =VLOOKUP(A21,[4]total_freq!$A:$F,6,0) -> #N/A | Q21: =VLOOKUP(A21,[5]total_freq!$A:$F,6,0) -> #N/A | R21: =VLOOKUP(A21,[6]total_freq!$A:$F,6,0) -> 0.529 | S21: =VLOOKUP(A21,[7]total_freq!$A:$F,6,0) -> 0.662 | T21: =VLOOKUP(A21,[8]total_freq!$A:$F,6,0) -> 0.538 | U21: =VLOOKUP(A21,[9]total_freq!$A:$F,6,0) -> 0.693 | V21: =VLOOKUP(A21,[10]total_freq!$A:$F,6,0) -> 0.348
A22: 性别 | B22: 24 | C22: 3 | D22: =OR(E22,F22,G22>0.98,H22>0.98,I22) -> FALSE | E22: =IF(ISNA(VLOOKUP(A22,freq_country_woman!A:A:freq_country_woman!GP:GP,198,0)),FALSE,VLOOKUP(A22,freq_country_woman!A:A:freq_country_woman!GP:GP,198,0)) -> FALSE | F22: =IF(ISNA(VLOOKUP(A22,freq_country_man!A:A:freq_country_man!GP:GP,198,0)),FALSE,VLOOKUP(A22,freq_country_man!A:A:freq_country_man!GP:GP,198,0)) -> FALSE | G22: =IF(ISNA(VLOOKUP(A22,freq_country_woman!A:A:freq_country_woman!GQ:GQ,199,0)),0,VLOOKUP(A22,freq_country_woman!A:A:freq_country_woman!GQ:GQ,199,0)) -> 0.020408163 | H22: =IF(ISNA(VLOOKUP(A22,freq_country_man!A:A:freq_country_man!GQ:GQ,199,0)),0,VLOOKUP(A22,freq_country_man!A:A:freq_country_man!GQ:GQ,199,0)) -> 0 | J22: =VLOOKUP(A22,'词频排序表（数据中间处理）'!A:C,3,0) -> 0.768 | K22: =VLOOKUP(A22,'词频排序表（数据中间处理）'!G:I,3,0) -> 0.15 | L22: =IF(ISNA(J22),0,J22)-IF(ISNA(K22),0,K22) -> 0.618 | M22: =VLOOKUP(A22,[1]total_freq!$A:$F,6,0) -> 0.431 | N22: =VLOOKUP(A22,[2]total_freq!$A:$F,6,0) -> 0.745 | O22: =VLOOKUP(A22,[3]total_freq!$A:$F,6,0) -> 0.379 | P22: =VLOOKUP(A22,[4]total_freq!$A:$F,6,0) -> 0.411 | Q22: =VLOOKUP(A22,[5]total_freq!$A:$F,6,0) -> 0.241 | R22: =VLOOKUP(A22,[6]total_freq!$A:$F,6,0) -> #N/A | S22: =VLOOKUP(A22,[7]total_freq!$A:$F,6,0) -> 0.588 | T22: =VLOOKUP(A22,[8]total_freq!$A:$F,6,0) -> #N/A | U22: =VLOOKUP(A22,[9]total_freq!$A:$F,6,0) -> 0.695 | V22: =VLOOKUP(A22,[10]total_freq!$A:$F,6,0) -> 0.352
A23: 韧性 | B23: 12 | C23: 2 | D23: =OR(E23,F23,G23>0.98,H23>0.98,I23) -> FALSE | E23: =IF(ISNA(VLOOKUP(A23,freq_country_woman!A:A:freq_country_woman!GP:GP,198,0)),FALSE,VLOOKUP(A23,freq_country_woman!A:A:freq_country_woman!GP:GP,198,0)) -> FALSE | F23: =IF(ISNA(VLOOKUP(A23,freq_country_man!A:A:freq_country_man!GP:GP,198,0)),FALSE,VLOOKUP(A23,freq_country_man!A:A:freq_country_man!GP:GP,198,0)) -> FALSE | G23: =IF(ISNA(VLOOKUP(A23,freq_country_woman!A:A:freq_country_woman!GQ:GQ,199,0)),0,VLOOKUP(A23,freq_country_woman!A:A:freq_country_woman!GQ:GQ,199,0)) -> 0.0051020408 | H23: =IF(ISNA(VLOOKUP(A23,freq_country_man!A:A:freq_country_man!GQ:GQ,199,0)),0,VLOOKUP(A23,freq_country_man!A:A:freq_country_man!GQ:GQ,199,0)) -> 0 | J23: =VLOOKUP(A23,'词频排序表（数据中间处理）'!A:C,3,0) -> 0.602 | K23: =VLOOKUP(A23,'词频排序表（数据中间处理）'!G:I,3,0) -> 0.002 | L23: =IF(ISNA(J23),0,J23)-IF(ISNA(K23),0,K23) -> 0.6 | M23: =VLOOKUP(A23,[1]total_freq!$A:$F,6,0) -> 0.554 | N23: =VLOOKUP(A23,[2]total_freq!$A:$F,6,0) -> 0.683 | O23: =VLOOKUP(A23,[3]total_freq!$A:$F,6,0) -> 0.377 | P23: =VLOOKUP(A23,[4]total_freq!$A:$F,6,0) -> 0.411 | Q23: =VLOOKUP(A23,[5]total_freq!$A:$F,6,0) -> #N/A | R23: =VLOOKUP(A23,[6]total_freq!$A:$F,6,0) -> 0.743 | S23: =VLOOKUP(A23,[7]total_freq!$A:$F,6,0) -> 0.372 | T23: =VLOOKUP(A23,[8]total_freq!$A:$F,6,0) -> 0.393 | U23: =VLOOKUP(A23,[9]total_freq!$A:$F,6,0) -> #N/A | V23: =VLOOKUP(A23,[10]total_freq!$A:$F,6,0) -> #N/A
A24: 黑袍 | B24: 11 | D24: =OR(E24,F24,G24>0.98,H24>0.98,I24) -> FALSE | E24: =IF(ISNA(VLOOKUP(A24,freq_country_woman!A:A:freq_country_woman!GP:GP,198,0)),FALSE,VLOOKUP(A24,freq_country_woman!A:A:freq_country_woman!GP:GP,198,0)) -> FALSE | F24: =IF(ISNA(VLOOKUP(A24,freq_country_man!A:A:freq_country_man!GP:GP,198,0)),FALSE,VLOOKUP(A24,freq_country_man!A:A:freq_country_man!GP:GP,198,0)) -> FALSE | G24: =IF(ISNA(VLOOKUP(A24,freq_country_woman!A:A:freq_country_woman!GQ:GQ,199,0)),0,VLOOKUP(A24,freq_country_woman!A:A:freq_country_woman!GQ:GQ,199,0)) -> 0.010204082 | H24: =IF(ISNA(VLOOKUP(A24,freq_country_man!A:A:freq_country_man!GQ:GQ,199,0)),0,VLOOKUP(A24,freq_country_man!A:A:freq_country_man!GQ:GQ,199,0)) -> 0 | J24: =VLOOKUP(A24,'词频排序表（数据中间处理）'!A:C,3,0) -> 0.573 | K24: =VLOOKUP(A24,'词频排序表（数据中间处理）'!G:I,3,0) -> #N/A | L24: =IF(ISNA(J24),0,J24)-IF(ISNA(K24),0,K24) -> 0.573 | M24: =VLOOKUP(A24,[1]total_freq!$A:$F,6,0) -> 0.684 | N24: =VLOOKUP(A24,[2]total_freq!$A:$F,6,0) -> 0.426 | O24: =VLOOKUP(A24,[3]total_freq!$A:$F,6,0) -> 0.533 | P24: =VLOOKUP(A24,[4]total_freq!$A:$F,6,0) -> #N/A | Q24: =VLOOKUP(A24,[5]total_freq!$A:$F,6,0) -> #N/A | R24: =VLOOKUP(A24,[6]total_freq!$A:$F,6,0) -> 0.002 | S24: =VLOOKUP(A24,[7]total_freq!$A:$F,6,0) -> #N/A | T24: =VLOOKUP(A24,[8]total_freq!$A:$F,6,0) -> 0.002 | U24: =VLOOKUP(A24,[9]total_freq!$A:$F,6,0) -> 0.374 | V24: =VLOOKUP(A24,[10]total_freq!$A:$F,6,0) -> 0.705
A25: 风情 | B25: 11 | C25: 2 | D25: =OR(E25,F25,G25>0.98,H25>0.98,I25) -> FALSE | E25: =IF(ISNA(VLOOKUP(A25,freq_country_woman!A:A:freq_country_woman!GP:GP,198,0)),FALSE,VLOOKUP(A25,freq_country_woman!A:A:freq_country_woman!GP:GP,198,0)) -> FALSE | F25: =IF(ISNA(VLOOKUP(A25,freq_country_man!A:A:freq_country_man!GP:GP,198,0)),FALSE,VLOOKUP(A25,freq_country_man!A:A:freq_country_man!GP:GP,198,0)) -> FALSE | G25: =IF(ISNA(VLOOKUP(A25,freq_country_woman!A:A:freq_country_woman!GQ:GQ,199,0)),0,VLOOKUP(A25,freq_country_woman!A:A:freq_country_woman!GQ:GQ,199,0)) -> 0.015306122 | H25: =IF(ISNA(VLOOKUP(A25,freq_country_man!A:A:freq_country_man!GQ:GQ,199,0)),0,VLOOKUP(A25,freq_country_man!A:A:freq_country_man!GQ:GQ,199,0)) -> 0 | J25: =VLOOKUP(A25,'词频排序表（数据中间处理）'!A:C,3,0) -> 0.573 | K25: =VLOOKUP(A25,'词频排序表（数据中间处理）'!G:I,3,0) -> 0.002 | L25: =IF(ISNA(J25),0,J25)-IF(ISNA(K25),0,K25) -> 0.571 | M25: =VLOOKUP(A25,[1]total_freq!$A:$F,6,0) -> #N/A | N25: =VLOOKUP(A25,[2]total_freq!$A:$F,6,0) -> 0.002 | O25: =VLOOKUP(A25,[3]total_freq!$A:$F,6,0) -> 0.379 | P25: =VLOOKUP(A25,[4]total_freq!$A:$F,6,0) -> 0 | Q25: =VLOOKUP(A25,[5]total_freq!$A:$F,6,0) -> 0.646 | R25: =VLOOKUP(A25,[6]total_freq!$A:$F,6,0) -> #N/A | S25: =VLOOKUP(A25,[7]total_freq!$A:$F,6,0) -> -0.002 | T25: =VLOOKUP(A25,[8]total_freq!$A:$F,6,0) -> #N/A | U25: =VLOOKUP(A25,[9]total_freq!$A:$F,6,0) -> 0.737 | V25: =VLOOKUP(A25,[10]total_freq!$A:$F,6,0) -> 0.513
A26: 独特 | B26: 20 | C26: 3 | D26: =OR(E26,F26,G26>0.98,H26>0.98,I26) -> FALSE | E26: =IF(ISNA(VLOOKUP(A26,freq_country_woman!A:A:freq_country_woman!GP:GP,198,0)),FALSE,VLOOKUP(A26,freq_country_woman!A:A:freq_country_woman!GP:GP,198,0)) -> FALSE | F26: =IF(ISNA(VLOOKUP(A26,freq_country_man!A:A:freq_country_man!GP:GP,198,0)),FALSE,VLOOKUP(A26,freq_country_man!A:A:freq_country_man!GP:GP,198,0)) -> FALSE | G26: =IF(ISNA(VLOOKUP(A26,freq_country_woman!A:A:freq_country_woman!GQ:GQ,199,0)),0,VLOOKUP(A26,freq_country_woman!A:A:freq_country_woman!GQ:GQ,199,0)) -> 0.015306122 | H26: =IF(ISNA(VLOOKUP(A26,freq_country_man!A:A:freq_country_man!GQ:GQ,199,0)),0,VLOOKUP(A26,freq_country_man!A:A:freq_country_man!GQ:GQ,199,0)) -> 0 | J26: =VLOOKUP(A26,'词频排序表（数据中间处理）'!A:C,3,0) -> 0.721 | K26: =VLOOKUP(A26,'词频排序表（数据中间处理）'!G:I,3,0) -> 0.15 | L26: =IF(ISNA(J26),0,J26)-IF(ISNA(K26),0,K26) -> 0.571 | M26: =VLOOKUP(A26,[1]total_freq!$A:$F,6,0) -> 0.002 | N26: =VLOOKUP(A26,[2]total_freq!$A:$F,6,0) -> 0.426 | O26: =VLOOKUP(A26,[3]total_freq!$A:$F,6,0) -> 0.766 | P26: =VLOOKUP(A26,[4]total_freq!$A:$F,6,0) -> 0.002 | Q26: =VLOOKUP(A26,[5]total_freq!$A:$F,6,0) -> 0.736 | R26: =VLOOKUP(A26,[6]total_freq!$A:$F,6,0) -> 0.649 | S26: =VLOOKUP(A26,[7]total_freq!$A:$F,6,0) -> 0.522 | T26: =VLOOKUP(A26,[8]total_freq!$A:$F,6,0) -> 0.536 | U26: =VLOOKUP(A26,[9]total_freq!$A:$F,6,0) -> 0.575 | V26: =VLOOKUP(A26,[10]total_freq!$A:$F,6,0) -> 0.63
A27: 并存 | B27: 20 | C27: 3 | D27: =OR(E27,F27,G27>0.98,H27>0.98,I27) -> FALSE | E27: =IF(ISNA(VLOOKUP(A27,freq_country_woman!A:A:freq_country_woman!GP:GP,198,0)),FALSE,VLOOKUP(A27,freq_country_woman!A:A:freq_country_woman!GP:GP,198,0)) -> FALSE | F27: =IF(ISNA(VLOOKUP(A27,freq_country_man!A:A:freq_country_man!GP:GP,198,0)),FALSE,VLOOKUP(A27,freq_country_man!A:A:freq_country_man!GP:GP,198,0)) -> FALSE | G27: =IF(ISNA(VLOOKUP(A27,freq_country_woman!A:A:freq_country_woman!GQ:GQ,199,0)),0,VLOOKUP(A27,freq_country_woman!A:A:freq_country_woman!GQ:GQ,199,0)) -> 0.020408163 | H27: =IF(ISNA(VLOOKUP(A27,freq_country_man!A:A:freq_country_man!GQ:GQ,199,0)),0,VLOOKUP(A27,freq_country_man!A:A:freq_country_man!GQ:GQ,199,0)) -> 0 | J27: =VLOOKUP(A27,'词频排序表（数据中间处理）'!A:C,3,0) -> 0.721 | K27: =VLOOKUP(A27,'词频排序表（数据中间处理）'!G:I,3,0) -> 0.15 | L27: =IF(ISNA(J27),0,J27)-IF(ISNA(K27),0,K27) -> 0.571 | M27: =VLOOKUP(A27,[1]total_freq!$A:$F,6,0) -> 0.554 | N27: =VLOOKUP(A27,[2]total_freq!$A:$F,6,0) -> 0.808 | O27: =VLOOKUP(A27,[3]total_freq!$A:$F,6,0) -> 0.606 | P27: =VLOOKUP(A27,[4]total_freq!$A:$F,6,0) -> #N/A | Q27: =VLOOKUP(A27,[5]total_freq!$A:$F,6,0) -> 0.407 | R27: =VLOOKUP(A27,[6]total_freq!$A:$F,6,0) -> 0.394 | S27: =VLOOKUP(A27,[7]total_freq!$A:$F,6,0) -> 0.778 | T27: =VLOOKUP(A27,[8]total_freq!$A:$F,6,0) -> 0.682 | U27: =VLOOKUP(A27,[9]total_freq!$A:$F,6,0) -> 0.49 | V27: =VLOOKUP(A27,[10]total_freq!$A:$F,6,0) -> -0.373
A28: 皮肤 | B28: 19 | C28: 3 | D28: =OR(E28,F28,G28>0.98,H28>0.98,I28) -> FALSE | E28: =IF(ISNA(VLOOKUP(A28,freq_country_woman!A:A:freq_country_woman!GP:GP,198,0)),FALSE,VLOOKUP(A28,freq_country_woman!A:A:freq_country_woman!GP:GP,198,0)) -> FALSE | F28: =IF(ISNA(VLOOKUP(A28,freq_country_man!A:A:freq_country_man!GP:GP,198,0)),FALSE,VLOOKUP(A28,freq_country_man!A:A:freq_country_man!GP:GP,198,0)) -> FALSE | G28: =IF(ISNA(VLOOKUP(A28,freq_country_woman!A:A:freq_country_woman!GQ:GQ,199,0)),0,VLOOKUP(A28,freq_country_woman!A:A:freq_country_woman!GQ:GQ,199,0)) -> 0.020408163 | H28: =IF(ISNA(VLOOKUP(A28,freq_country_man!A:A:freq_country_man!GQ:GQ,199,0)),0,VLOOKUP(A28,freq_country_man!A:A:freq_country_man!GQ:GQ,199,0)) -> 0 | J28: =VLOOKUP(A28,'词频排序表（数据中间处理）'!A:C,3,0) -> 0.713 | K28: =VLOOKUP(A28,'词频排序表（数据中间处理）'!G:I,3,0) -> 0.15 | L28: =IF(ISNA(J28),0,J28)-IF(ISNA(K28),0,K28) -> 0.563 | M28: =VLOOKUP(A28,[1]total_freq!$A:$F,6,0) -> 0.002 | N28: =VLOOKUP(A28,[2]total_freq!$A:$F,6,0) -> 0.562 | O28: =VLOOKUP(A28,[3]total_freq!$A:$F,6,0) -> 0.606 | P28: =VLOOKUP(A28,[4]total_freq!$A:$F,6,0) -> 0.411 | Q28: =VLOOKUP(A28,[5]total_freq!$A:$F,6,0) -> 0.53 | R28: =VLOOKUP(A28,[6]total_freq!$A:$F,6,0) -> 0.602 | S28: =VLOOKUP(A28,[7]total_freq!$A:$F,6,0) -> 0 | T28: =VLOOKUP(A28,[8]total_freq!$A:$F,6,0) -> 0.536 | U28: =VLOOKUP(A28,[9]total_freq!$A:$F,6,0) -> 0.862 | V28: =VLOOKUP(A28,[10]total_freq!$A:$F,6,0) -> #N/A
A29: 中心 | B29: 36 | C29: 4 | D29: =OR(E29,F29,G29>0.98,H29>0.98,I29) -> FALSE | E29: =IF(ISNA(VLOOKUP(A29,freq_country_woman!A:A:freq_country_woman!GP:GP,198,0)),FALSE,VLOOKUP(A29,freq_country_woman!A:A:freq_country_woman!GP:GP,198,0)) -> FALSE | F29: =IF(ISNA(VLOOKUP(A29,freq_country_man!A:A:freq_country_man!GP:GP,198,0)),FALSE,VLOOKUP(A29,freq_country_man!A:A:freq_country_man!GP:GP,198,0)) -> FALSE | G29: =IF(ISNA(VLOOKUP(A29,freq_country_woman!A:A:freq_country_woman!GQ:GQ,199,0)),0,VLOOKUP(A29,freq_country_woman!A:A:freq_country_woman!GQ:GQ,199,0)) -> 0.025510204 | H29: =IF(ISNA(VLOOKUP(A29,freq_country_man!A:A:freq_country_man!GQ:GQ,199,0)),0,VLOOKUP(A29,freq_country_man!A:A:freq_country_man!GQ:GQ,199,0)) -> 0 | J29: =VLOOKUP(A29,'词频排序表（数据中间处理）'!A:C,3,0) -> 0.823 | K29: =VLOOKUP(A29,'词频排序表（数据中间处理）'!G:I,3,0) -> 0.261 | L29: =IF(ISNA(J29),0,J29)-IF(ISNA(K29),0,K29) -> 0.562 | M29: =VLOOKUP(A29,[1]total_freq!$A:$F,6,0) -> 0.764 | N29: =VLOOKUP(A29,[2]total_freq!$A:$F,6,0) -> 0.769 | O29: =VLOOKUP(A29,[3]total_freq!$A:$F,6,0) -> 0.73 | P29: =VLOOKUP(A29,[4]total_freq!$A:$F,6,0) -> 0.692 | Q29: =VLOOKUP(A29,[5]total_freq!$A:$F,6,0) -> -0.391 | R29: =VLOOKUP(A29,[6]total_freq!$A:$F,6,0) -> 0.798 | S29: =VLOOKUP(A29,[7]total_freq!$A:$F,6,0) -> 0.847 | T29: =VLOOKUP(A29,[8]total_freq!$A:$F,6,0) -> 0.393 | U29: =VLOOKUP(A29,[9]total_freq!$A:$F,6,0) -> 0.374 | V29: =VLOOKUP(A29,[10]total_freq!$A:$F,6,0) -> 0.513
A30: 气质 | B30: 18 | C30: 3 | D30: =OR(E30,F30,G30>0.98,H30>0.98,I30) -> FALSE | E30: =IF(ISNA(VLOOKUP(A30,freq_country_woman!A:A:freq_country_woman!GP:GP,198,0)),FALSE,VLOOKUP(A30,freq_country_woman!A:A:freq_country_woman!GP:GP,198,0)) -> FALSE | F30: =IF(ISNA(VLOOKUP(A30,freq_country_man!A:A:freq_country_man!GP:GP,198,0)),FALSE,VLOOKUP(A30,freq_country_man!A:A:freq_country_man!GP:GP,198,0)) -> FALSE | G30: =IF(ISNA(VLOOKUP(A30,freq_country_woman!A:A:freq_country_woman!GQ:GQ,199,0)),0,VLOOKUP(A30,freq_country_woman!A:A:freq_country_woman!GQ:GQ,199,0)) -> 0.025510204 | H30: =IF(ISNA(VLOOKUP(A30,freq_country_man!A:A:freq_country_man!GQ:GQ,199,0)),0,VLOOKUP(A30,freq_country_man!A:A:freq_country_man!GQ:GQ,199,0)) -> 0 | J30: =VLOOKUP(A30,'词频排序表（数据中间处理）'!A:C,3,0) -> 0.701 | K30: =VLOOKUP(A30,'词频排序表（数据中间处理）'!G:I,3,0) -> 0.15 | L30: =IF(ISNA(J30),0,J30)-IF(ISNA(K30),0,K30) -> 0.551 | M30: =VLOOKUP(A30,[1]total_freq!$A:$F,6,0) -> #N/A | N30: =VLOOKUP(A30,[2]total_freq!$A:$F,6,0) -> #N/A | O30: =VLOOKUP(A30,[3]total_freq!$A:$F,6,0) -> 0.379 | P30: =VLOOKUP(A30,[4]total_freq!$A:$F,6,0) -> #N/A | Q30: =VLOOKUP(A30,[5]total_freq!$A:$F,6,0) -> 0.481 | R30: =VLOOKUP(A30,[6]total_freq!$A:$F,6,0) -> #N/A | S30: =VLOOKUP(A30,[7]total_freq!$A:$F,6,0) -> 0.374 | T30: =VLOOKUP(A30,[8]total_freq!$A:$F,6,0) -> 0.002 | U30: =VLOOKUP(A30,[9]total_freq!$A:$F,6,0) -> 0.693 | V30: =VLOOKUP(A30,[10]total_freq!$A:$F,6,0) -> 0.348
A31: 严格 | B31: 17 | C31: 3 | D31: =OR(E31,F31,G31>0.98,H31>0.98,I31) -> FALSE | E31: =IF(ISNA(VLOOKUP(A31,freq_country_woman!A:A:freq_country_woman!GP:GP,198,0)),FALSE,VLOOKUP(A31,freq_country_woman!A:A:freq_country_woman!GP:GP,198,0)) -> FALSE | F31: =IF(ISNA(VLOOKUP(A31,freq_country_man!A:A:freq_country_man!GP:GP,198,0)),FALSE,VLOOKUP(A31,freq_country_man!A:A:freq_country_man!GP:GP,198,0)) -> FALSE | G31: =IF(ISNA(VLOOKUP(A31,freq_country_woman!A:A:freq_country_woman!GQ:GQ,199,0)),0,VLOOKUP(A31,freq_country_woman!A:A:freq_country_woman!GQ:GQ,199,0)) -> 0.015306122 | H31: =IF(ISNA(VLOOKUP(A31,freq_country_man!A:A:freq_country_man!GQ:GQ,199,0)),0,VLOOKUP(A31,freq_country_man!A:A:freq_country_man!GQ:GQ,199,0)) -> 0.0051020408 | J31: =VLOOKUP(A31,'词频排序表（数据中间处理）'!A:C,3,0) -> 0.684 | K31: =VLOOKUP(A31,'词频排序表（数据中间处理）'!G:I,3,0) -> 0.15 | L31: =IF(ISNA(J31),0,J31)-IF(ISNA(K31),0,K31) -> 0.534 | M31: =VLOOKUP(A31,[1]total_freq!$A:$F,6,0) -> 0.736 | N31: =VLOOKUP(A31,[2]total_freq!$A:$F,6,0) -> 0.371 | O31: =VLOOKUP(A31,[3]total_freq!$A:$F,6,0) -> #N/A | P31: =VLOOKUP(A31,[4]total_freq!$A:$F,6,0) -> 0.002 | Q31: =VLOOKUP(A31,[5]total_freq!$A:$F,6,0) -> #N/A | R31: =VLOOKUP(A31,[6]total_freq!$A:$F,6,0) -> 0.394 | S31: =VLOOKUP(A31,[7]total_freq!$A:$F,6,0) -> 0.66 | T31: =VLOOKUP(A31,[8]total_freq!$A:$F,6,0) -> #N/A | U31: =VLOOKUP(A31,[9]total_freq!$A:$F,6,0) -> 0.355 | V31: =VLOOKUP(A31,[10]total_freq!$A:$F,6,0) -> #N/A
A32: 家庭主妇 | B32: 9 | D32: =OR(E32,F32,G32>0.98,H32>0.98,I32) -> FALSE | E32: =IF(ISNA(VLOOKUP(A32,freq_country_woman!A:A:freq_country_woman!GP:GP,198,0)),FALSE,VLOOKUP(A32,freq_country_woman!A:A:freq_country_woman!GP:GP,198,0)) -> FALSE | F32: =IF(ISNA(VLOOKUP(A32,freq_country_man!A:A:freq_country_man!GP:GP,198,0)),FALSE,VLOOKUP(A32,freq_country_man!A:A:freq_country_man!GP:GP,198,0)) -> FALSE | G32: =IF(ISNA(VLOOKUP(A32,freq_country_woman!A:A:freq_country_woman!GQ:GQ,199,0)),0,VLOOKUP(A32,freq_country_woman!A:A:freq_country_woman!GQ:GQ,199,0)) -> 0.0051020408 | H32: =IF(ISNA(VLOOKUP(A32,freq_country_man!A:A:freq_country_man!GQ:GQ,199,0)),0,VLOOKUP(A32,freq_country_man!A:A:freq_country_man!GQ:GQ,199,0)) -> 0 | J32: =VLOOKUP(A32,'词频排序表（数据中间处理）'!A:C,3,0) -> 0.534 | K32: =VLOOKUP(A32,'词频排序表（数据中间处理）'!G:I,3,0) -> #N/A | L32: =IF(ISNA(J32),0,J32)-IF(ISNA(K32),0,K32) -> 0.534 | M32: =VLOOKUP(A32,[1]total_freq!$A:$F,6,0) -> 0.652 | N32: =VLOOKUP(A32,[2]total_freq!$A:$F,6,0) -> 0.002 | O32: =VLOOKUP(A32,[3]total_freq!$A:$F,6,0) -> #N/A | P32: =VLOOKUP(A32,[4]total_freq!$A:$F,6,0) -> 0.411 | Q32: =VLOOKUP(A32,[5]total_freq!$A:$F,6,0) -> #N/A | R32: =VLOOKUP(A32,[6]total_freq!$A:$F,6,0) -> 0.529 | S32: =VLOOKUP(A32,[7]total_freq!$A:$F,6,0) -> 0.522 | T32: =VLOOKUP(A32,[8]total_freq!$A:$F,6,0) -> 0.538 | U32: =VLOOKUP(A32,[9]total_freq!$A:$F,6,0) -> #N/A | V32: =VLOOKUP(A32,[10]total_freq!$A:$F,6,0) -> #N/A
A33: 子女 | B33: 8 | D33: =OR(E33,F33,G33>0.98,H33>0.98,I33) -> FALSE | E33: =IF(ISNA(VLOOKUP(A33,freq_country_woman!A:A:freq_country_woman!GP:GP,198,0)),FALSE,VLOOKUP(A33,freq_country_woman!A:A:freq_country_woman!GP:GP,198,0)) -> FALSE | F33: =IF(ISNA(VLOOKUP(A33,freq_country_man!A:A:freq_country_man!GP:GP,198,0)),FALSE,VLOOKUP(A33,freq_country_man!A:A:freq_country_man!GP:GP,198,0)) -> FALSE | G33: =IF(ISNA(VLOOKUP(A33,freq_country_woman!A:A:freq_country_woman!GQ:GQ,199,0)),0,VLOOKUP(A33,freq_country_woman!A:A:freq_country_woman!GQ:GQ,199,0)) -> 0.0051020408 | H33: =IF(ISNA(VLOOKUP(A33,freq_country_man!A:A:freq_country_man!GQ:GQ,199,0)),0,VLOOKUP(A33,freq_country_man!A:A:freq_country_man!GQ:GQ,199,0)) -> 0 | J33: =VLOOKUP(A33,'词频排序表（数据中间处理）'!A:C,3,0) -> 0.503 | K33: =VLOOKUP(A33,'词频排序表（数据中间处理）'!G:I,3,0) -> #N/A | L33: =IF(ISNA(J33),0,J33)-IF(ISNA(K33),0,K33) -> 0.503 | M33: =VLOOKUP(A33,[1]total_freq!$A:$F,6,0) -> 0.684 | N33: =VLOOKUP(A33,[2]total_freq!$A:$F,6,0) -> 0.426 | O33: =VLOOKUP(A33,[3]total_freq!$A:$F,6,0) -> #N/A | P33: =VLOOKUP(A33,[4]total_freq!$A:$F,6,0) -> #N/A | Q33: =VLOOKUP(A33,[5]total_freq!$A:$F,6,0) -> #N/A | R33: =VLOOKUP(A33,[6]total_freq!$A:$F,6,0) -> 0.602 | S33: =VLOOKUP(A33,[7]total_freq!$A:$F,6,0) -> 0.374 | T33: =VLOOKUP(A33,[8]total_freq!$A:$F,6,0) -> #N/A | U33: =VLOOKUP(A33,[9]total_freq!$A:$F,6,0) -> 0.002 | V33: =VLOOKUP(A33,[10]total_freq!$A:$F,6,0) -> 0.002
A34: 展现 | B34: 8 | D34: =OR(E34,F34,G34>0.98,H34>0.98,I34) -> FALSE | E34: =IF(ISNA(VLOOKUP(A34,freq_country_woman!A:A:freq_country_woman!GP:GP,198,0)),FALSE,VLOOKUP(A34,freq_country_woman!A:A:freq_country_woman!GP:GP,198,0)) -> FALSE | F34: =IF(ISNA(VLOOKUP(A34,freq_country_man!A:A:freq_country_man!GP:GP,198,0)),FALSE,VLOOKUP(A34,freq_country_man!A:A:freq_country_man!GP:GP,198,0)) -> FALSE | G34: =IF(ISNA(VLOOKUP(A34,freq_country_woman!A:A:freq_country_woman!GQ:GQ,199,0)),0,VLOOKUP(A34,freq_country_woman!A:A:freq_country_woman!GQ:GQ,199,0)) -> 0 | H34: =IF(ISNA(VLOOKUP(A34,freq_country_man!A:A:freq_country_man!GQ:GQ,199,0)),0,VLOOKUP(A34,freq_country_man!A:A:freq_country_man!GQ:GQ,199,0)) -> 0 | J34: =VLOOKUP(A34,'词频排序表（数据中间处理）'!A:C,3,0) -> 0.503 | K34: =VLOOKUP(A34,'词频排序表（数据中间处理）'!G:I,3,0) -> #N/A | L34: =IF(ISNA(J34),0,J34)-IF(ISNA(K34),0,K34) -> 0.503 | M34: =VLOOKUP(A34,[1]total_freq!$A:$F,6,0) -> 0.431 | N34: =VLOOKUP(A34,[2]total_freq!$A:$F,6,0) -> 0.002 | O34: =VLOOKUP(A34,[3]total_freq!$A:$F,6,0) -> 0.002 | P34: =VLOOKUP(A34,[4]total_freq!$A:$F,6,0) -> 0.411 | Q34: =VLOOKUP(A34,[5]total_freq!$A:$F,6,0) -> 0.409 | R34: =VLOOKUP(A34,[6]total_freq!$A:$F,6,0) -> 0.394 | S34: =VLOOKUP(A34,[7]total_freq!$A:$F,6,0) -> 0.374 | T34: =VLOOKUP(A34,[8]total_freq!$A:$F,6,0) -> 0.393 | U34: =VLOOKUP(A34,[9]total_freq!$A:$F,6,0) -> 0.002 | V34: =VLOOKUP(A34,[10]total_freq!$A:$F,6,0) -> 0.002
A35: 传统服装 | B35: 8 | D35: =OR(E35,F35,G35>0.98,H35>0.98,I35) -> FALSE | E35: =IF(ISNA(VLOOKUP(A35,freq_country_woman!A:A:freq_country_woman!GP:GP,198,0)),FALSE,VLOOKUP(A35,freq_country_woman!A:A:freq_country_woman!GP:GP,198,0)) -> FALSE | F35: =IF(ISNA(VLOOKUP(A35,freq_country_man!A:A:freq_country_man!GP:GP,198,0)),FALSE,VLOOKUP(A35,freq_country_man!A:A:freq_country_man!GP:GP,198,0)) -> FALSE | G35: =IF(ISNA(VLOOKUP(A35,freq_country_woman!A:A:freq_country_woman!GQ:GQ,199,0)),0,VLOOKUP(A35,freq_country_woman!A:A:freq_country_woman!GQ:GQ,199,0)) -> 0.0051020408 | H35: =IF(ISNA(VLOOKUP(A35,freq_country_man!A:A:freq_country_man!GQ:GQ,199,0)),0,VLOOKUP(A35,freq_country_man!A:A:freq_country_man!GQ:GQ,199,0)) -> 0 | J35: =VLOOKUP(A35,'词频排序表（数据中间处理）'!A:C,3,0) -> 0.503 | K35: =VLOOKUP(A35,'词频排序表（数据中间处理）'!G:I,3,0) -> #N/A | L35: =IF(ISNA(J35),0,J35)-IF(ISNA(K35),0,K35) -> 0.503 | M35: =VLOOKUP(A35,[1]total_freq!$A:$F,6,0) -> 0.738 | N35: =VLOOKUP(A35,[2]total_freq!$A:$F,6,0) -> #N/A | O35: =VLOOKUP(A35,[3]total_freq!$A:$F,6,0) -> #N/A | P35: =VLOOKUP(A35,[4]total_freq!$A:$F,6,0) -> #N/A | Q35: =VLOOKUP(A35,[5]total_freq!$A:$F,6,0) -> #N/A | R35: =VLOOKUP(A35,[6]total_freq!$A:$F,6,0) -> 0.529 | S35: =VLOOKUP(A35,[7]total_freq!$A:$F,6,0) -> 0.374 | T35: =VLOOKUP(A35,[8]total_freq!$A:$F,6,0) -> 0.002 | U35: =VLOOKUP(A35,[9]total_freq!$A:$F,6,0) -> #N/A | V35: =VLOOKUP(A35,[10]total_freq!$A:$F,6,0) -> 0.382
A36: 着装 | B36: 8 | D36: =OR(E36,F36,G36>0.98,H36>0.98,I36) -> FALSE | E36: =IF(ISNA(VLOOKUP(A36,freq_country_woman!A:A:freq_country_woman!GP:GP,198,0)),FALSE,VLOOKUP(A36,freq_country_woman!A:A:freq_country_woman!GP:GP,198,0)) -> FALSE | F36: =IF(ISNA(VLOOKUP(A36,freq_country_man!A:A:freq_country_man!GP:GP,198,0)),FALSE,VLOOKUP(A36,freq_country_man!A:A:freq_country_man!GP:GP,198,0)) -> FALSE | G36: =IF(ISNA(VLOOKUP(A36,freq_country_woman!A:A:freq_country_woman!GQ:GQ,199,0)),0,VLOOKUP(A36,freq_country_woman!A:A:freq_country_woman!GQ:GQ,199,0)) -> 0.0051020408 | H36: =IF(ISNA(VLOOKUP(A36,freq_country_man!A:A:freq_country_man!GQ:GQ,199,0)),0,VLOOKUP(A36,freq_country_man!A:A:freq_country_man!GQ:GQ,199,0)) -> 0 | J36: =VLOOKUP(A36,'词频排序表（数据中间处理）'!A:C,3,0) -> 0.503 | K36: =VLOOKUP(A36,'词频排序表（数据中间处理）'!G:I,3,0) -> #N/A | L36: =IF(ISNA(J36),0,J36)-IF(ISNA(K36),0,K36) -> 0.503 | M36: =VLOOKUP(A36,[1]total_freq!$A:$F,6,0) -> 0.684 | N36: =VLOOKUP(A36,[2]total_freq!$A:$F,6,0) -> 0.002 | O36: =VLOOKUP(A36,[3]total_freq!$A:$F,6,0) -> 0.002 | P36: =VLOOKUP(A36,[4]total_freq!$A:$F,6,0) -> #N/A | Q36: =VLOOKUP(A36,[5]total_freq!$A:$F,6,0) -> #N/A | R36: =VLOOKUP(A36,[6]total_freq!$A:$F,6,0) -> 0.002 | S36: =VLOOKUP(A36,[7]total_freq!$A:$F,6,0) -> 0.522 | T36: =VLOOKUP(A36,[8]total_freq!$A:$F,6,0) -> 0.002 | U36: =VLOOKUP(A36,[9]total_freq!$A:$F,6,0) -> 0.002 | V36: =VLOOKUP(A36,[10]total_freq!$A:$F,6,0) -> 0.382
A37: 多元化 | B37: 8 | D37: =OR(E37,F37,G37>0.98,H37>0.98,I37) -> FALSE | E37: =IF(ISNA(VLOOKUP(A37,freq_country_woman!A:A:freq_country_woman!GP:GP,198,0)),FALSE,VLOOKUP(A37,freq_country_woman!A:A:freq_country_woman!GP:GP,198,0)) -> FALSE | F37: =IF(ISNA(VLOOKUP(A37,freq_country_man!A:A:freq_country_man!GP:GP,198,0)),FALSE,VLOOKUP(A37,freq_country_man!A:A:freq_country_man!GP:GP,198,0)) -> FALSE | G37: =IF(ISNA(VLOOKUP(A37,freq_country_woman!A:A:freq_country_woman!GQ:GQ,199,0)),0,VLOOKUP(A37,freq_country_woman!A:A:freq_country_woman!GQ:GQ,199,0)) -> 0.0051020408 | H37: =IF(ISNA(VLOOKUP(A37,freq_country_man!A:A:freq_country_man!GQ:GQ,199,0)),0,VLOOKUP(A37,freq_country_man!A:A:freq_country_man!GQ:GQ,199,0)) -> 0 | J37: =VLOOKUP(A37,'词频排序表（数据中间处理）'!A:C,3,0) -> 0.503 | K37: =VLOOKUP(A37,'词频排序表（数据中间处理）'!G:I,3,0) -> #N/A | L37: =IF(ISNA(J37),0,J37)-IF(ISNA(K37),0,K37) -> 0.503 | M37: =VLOOKUP(A37,[1]total_freq!$A:$F,6,0) -> 0.002 | N37: =VLOOKUP(A37,[2]total_freq!$A:$F,6,0) -> #N/A | O37: =VLOOKUP(A37,[3]total_freq!$A:$F,6,0) -> 0.002 | P37: =VLOOKUP(A37,[4]total_freq!$A:$F,6,0) -> 0.644 | Q37: =VLOOKUP(A37,[5]total_freq!$A:$F,6,0) -> 0.002 | R37: =VLOOKUP(A37,[6]total_freq!$A:$F,6,0) -> #N/A | S37: =VLOOKUP(A37,[7]total_freq!$A:$F,6,0) -> #N/A | T37: =VLOOKUP(A37,[8]total_freq!$A:$F,6,0) -> 0.538 | U37: =VLOOKUP(A37,[9]total_freq!$A:$F,6,0) -> 0.374 | V37: =VLOOKUP(A37,[10]total_freq!$A:$F,6,0) -> 0.513
A38: 斯拉夫 | B38: 8 | D38: =OR(E38,F38,G38>0.98,H38>0.98,I38) -> FALSE | E38: =IF(ISNA(VLOOKUP(A38,freq_country_woman!A:A:freq_country_woman!GP:GP,198,0)),FALSE,VLOOKUP(A38,freq_country_woman!A:A:freq_country_woman!GP:GP,198,0)) -> FALSE | F38: =IF(ISNA(VLOOKUP(A38,freq_country_man!A:A:freq_country_man!GP:GP,198,0)),FALSE,VLOOKUP(A38,freq_country_man!A:A:freq_country_man!GP:GP,198,0)) -> FALSE | G38: =IF(ISNA(VLOOKUP(A38,freq_country_woman!A:A:freq_country_woman!GQ:GQ,199,0)),0,VLOOKUP(A38,freq_country_woman!A:A:freq_country_woman!GQ:GQ,199,0)) -> 0 | H38: =IF(ISNA(VLOOKUP(A38,freq_country_man!A:A:freq_country_man!GQ:GQ,199,0)),0,VLOOKUP(A38,freq_country_man!A:A:freq_country_man!GQ:GQ,199,0)) -> 0 | J38: =VLOOKUP(A38,'词频排序表（数据中间处理）'!A:C,3,0) -> 0.503 | K38: =VLOOKUP(A38,'词频排序表（数据中间处理）'!G:I,3,0) -> #N/A | L38: =IF(ISNA(J38),0,J38)-IF(ISNA(K38),0,K38) -> 0.503 | M38: =VLOOKUP(A38,[1]total_freq!$A:$F,6,0) -> #N/A | N38: =VLOOKUP(A38,[2]total_freq!$A:$F,6,0) -> 0.426 | O38: =VLOOKUP(A38,[3]total_freq!$A:$F,6,0) -> #N/A | P38: =VLOOKUP(A38,[4]total_freq!$A:$F,6,0) -> 0.582 | Q38: =VLOOKUP(A38,[5]total_freq!$A:$F,6,0) -> 0.53 | R38: =VLOOKUP(A38,[6]total_freq!$A:$F,6,0) -> #N/A | S38: =VLOOKUP(A38,[7]total_freq!$A:$F,6,0) -> #N/A | T38: =VLOOKUP(A38,[8]total_freq!$A:$F,6,0) -> 0.393 | U38: =VLOOKUP(A38,[9]total_freq!$A:$F,6,0) -> 0.652 | V38: =VLOOKUP(A38,[10]total_freq!$A:$F,6,0) -> #N/A
A39: 身材 | B39: 22 | C39: 4 | D39: =OR(E39,F39,G39>0.98,H39>0.98,I39) -> FALSE | E39: =IF(ISNA(VLOOKUP(A39,freq_country_woman!A:A:freq_country_woman!GP:GP,198,0)),FALSE,VLOOKUP(A39,freq_country_woman!A:A:freq_country_woman!GP:GP,198,0)) -> FALSE | F39: =IF(ISNA(VLOOKUP(A39,freq_country_man!A:A:freq_country_man!GP:GP,198,0)),FALSE,VLOOKUP(A39,freq_country_man!A:A:freq_country_man!GP:GP,198,0)) -> FALSE | G39: =IF(ISNA(VLOOKUP(A39,freq_country_woman!A:A:freq_country_woman!GQ:GQ,199,0)),0,VLOOKUP(A39,freq_country_woman!A:A:freq_country_woman!GQ:GQ,199,0)) -> 0.035714286 | H39: =IF(ISNA(VLOOKUP(A39,freq_country_man!A:A:freq_country_man!GQ:GQ,199,0)),0,VLOOKUP(A39,freq_country_man!A:A:freq_country_man!GQ:GQ,199,0)) -> 0.0051020408 | J39: =VLOOKUP(A39,'词频排序表（数据中间处理）'!A:C,3,0) -> 0.741 | K39: =VLOOKUP(A39,'词频排序表（数据中间处理）'!G:I,3,0) -> 0.261 | L39: =IF(ISNA(J39),0,J39)-IF(ISNA(K39),0,K39) -> 0.48 | M39: =VLOOKUP(A39,[1]total_freq!$A:$F,6,0) -> #N/A | N39: =VLOOKUP(A39,[2]total_freq!$A:$F,6,0) -> 0.315 | O39: =VLOOKUP(A39,[3]total_freq!$A:$F,6,0) -> 0.691 | P39: =VLOOKUP(A39,[4]total_freq!$A:$F,6,0) -> #N/A | Q39: =VLOOKUP(A39,[5]total_freq!$A:$F,6,0) -> 0.779 | R39: =VLOOKUP(A39,[6]total_freq!$A:$F,6,0) -> 0.529 | S39: =VLOOKUP(A39,[7]total_freq!$A:$F,6,0) -> 0.159 | T39: =VLOOKUP(A39,[8]total_freq!$A:$F,6,0) -> 0.002 | U39: =VLOOKUP(A39,[9]total_freq!$A:$F,6,0) -> 0.875 | V39: =VLOOKUP(A39,[10]total_freq!$A:$F,6,0) -> #N/A
A40: 眼睛 | B40: 13 | C40: 3 | D40: =OR(E40,F40,G40>0.98,H40>0.98,I40) -> FALSE | E40: =IF(ISNA(VLOOKUP(A40,freq_country_woman!A:A:freq_country_woman!GP:GP,198,0)),FALSE,VLOOKUP(A40,freq_country_woman!A:A:freq_country_woman!GP:GP,198,0)) -> FALSE | F40: =IF(ISNA(VLOOKUP(A40,freq_country_man!A:A:freq_country_man!GP:GP,198,0)),FALSE,VLOOKUP(A40,freq_country_man!A:A:freq_country_man!GP:GP,198,0)) -> FALSE | G40: =IF(ISNA(VLOOKUP(A40,freq_country_woman!A:A:freq_country_woman!GQ:GQ,199,0)),0,VLOOKUP(A40,freq_country_woman!A:A:freq_country_woman!GQ:GQ,199,0)) -> 0.015306122 | H40: =IF(ISNA(VLOOKUP(A40,freq_country_man!A:A:freq_country_man!GQ:GQ,199,0)),0,VLOOKUP(A40,freq_country_man!A:A:freq_country_man!GQ:GQ,199,0)) -> 0.0051020408 | J40: =VLOOKUP(A40,'词频排序表（数据中间处理）'!A:C,3,0) -> 0.626 | K40: =VLOOKUP(A40,'词频排序表（数据中间处理）'!G:I,3,0) -> 0.15 | L40: =IF(ISNA(J40),0,J40)-IF(ISNA(K40),0,K40) -> 0.476 | M40: =VLOOKUP(A40,[1]total_freq!$A:$F,6,0) -> #N/A | N40: =VLOOKUP(A40,[2]total_freq!$A:$F,6,0) -> 0.002 | O40: =VLOOKUP(A40,[3]total_freq!$A:$F,6,0) -> -0.025 | P40: =VLOOKUP(A40,[4]total_freq!$A:$F,6,0) -> 0.642 | Q40: =VLOOKUP(A40,[5]total_freq!$A:$F,6,0) -> 0.648 | R40: =VLOOKUP(A40,[6]total_freq!$A:$F,6,0) -> 0.394 | S40: =VLOOKUP(A40,[7]total_freq!$A:$F,6,0) -> -0.503 | T40: =VLOOKUP(A40,[8]total_freq!$A:$F,6,0) -> 0.645 | U40: =VLOOKUP(A40,[9]total_freq!$A:$F,6,0) -> 0.652 | V40: =VLOOKUP(A40,[10]total_freq!$A:$F,6,0) -> #N/A
A41: 场上 | B41: 7 | D41: =OR(E41,F41,G41>0.98,H41>0.98,I41) -> FALSE | E41: =IF(ISNA(VLOOKUP(A41,freq_country_woman!A:A:freq_country_woman!GP:GP,198,0)),FALSE,VLOOKUP(A41,freq_country_woman!A:A:freq_country_woman!GP:GP,198,0)) -> FALSE | F41: =IF(ISNA(VLOOKUP(A41,freq_country_man!A:A:freq_country_man!GP:GP,198,0)),FALSE,VLOOKUP(A41,freq_country_man!A:A:freq_country_man!GP:GP,198,0)) -> FALSE | G41: =IF(ISNA(VLOOKUP(A41,freq_country_woman!A:A:freq_country_woman!GQ:GQ,199,0)),0,VLOOKUP(A41,freq_country_woman!A:A:freq_country_woman!GQ:GQ,199,0)) -> 0.0051020408 | H41: =IF(ISNA(VLOOKUP(A41,freq_country_man!A:A:freq_country_man!GQ:GQ,199,0)),0,VLOOKUP(A41,freq_country_man!A:A:freq_country_man!GQ:GQ,199,0)) -> 0 | J41: =VLOOKUP(A41,'词频排序表（数据中间处理）'!A:C,3,0) -> 0.463 | K41: =VLOOKUP(A41,'词频排序表（数据中间处理）'!G:I,3,0) -> #N/A | L41: =IF(ISNA(J41),0,J41)-IF(ISNA(K41),0,K41) -> 0.463 | M41: =VLOOKUP(A41,[1]total_freq!$A:$F,6,0) -> #N/A | N41: =VLOOKUP(A41,[2]total_freq!$A:$F,6,0) -> #N/A | O41: =VLOOKUP(A41,[3]total_freq!$A:$F,6,0) -> #N/A | P41: =VLOOKUP(A41,[4]total_freq!$A:$F,6,0) -> 0.002 | Q41: =VLOOKUP(A41,[5]total_freq!$A:$F,6,0) -> 0.697 | R41: =VLOOKUP(A41,[6]total_freq!$A:$F,6,0) -> #N/A | S41: =VLOOKUP(A41,[7]total_freq!$A:$F,6,0) -> #N/A | T41: =VLOOKUP(A41,[8]total_freq!$A:$F,6,0) -> 0.002 | U41: =VLOOKUP(A41,[9]total_freq!$A:$F,6,0) -> #N/A | V41: =VLOOKUP(A41,[10]total_freq!$A:$F,6,0) -> 0.672
A42: 隔离 | B42: 7 | D42: =OR(E42,F42,G42>0.98,H42>0.98,I42) -> FALSE | E42: =IF(ISNA(VLOOKUP(A42,freq_country_woman!A:A:freq_country_woman!GP:GP,198,0)),FALSE,VLOOKUP(A42,freq_country_woman!A:A:freq_country_woman!GP:GP,198,0)) -> FALSE | F42: =IF(ISNA(VLOOKUP(A42,freq_country_man!A:A:freq_country_man!GP:GP,198,0)),FALSE,VLOOKUP(A42,freq_country_man!A:A:freq_country_man!GP:GP,198,0)) -> FALSE | G42: =IF(ISNA(VLOOKUP(A42,freq_country_woman!A:A:freq_country_woman!GQ:GQ,199,0)),0,VLOOKUP(A42,freq_country_woman!A:A:freq_country_woman!GQ:GQ,199,0)) -> 0.0051020408 | H42: =IF(ISNA(VLOOKUP(A42,freq_country_man!A:A:freq_country_man!GQ:GQ,199,0)),0,VLOOKUP(A42,freq_country_man!A:A:freq_country_man!GQ:GQ,199,0)) -> 0 | J42: =VLOOKUP(A42,'词频排序表（数据中间处理）'!A:C,3,0) -> 0.463 | K42: =VLOOKUP(A42,'词频排序表（数据中间处理）'!G:I,3,0) -> #N/A | L42: =IF(ISNA(J42),0,J42)-IF(ISNA(K42),0,K42) -> 0.463 | M42: =VLOOKUP(A42,[1]total_freq!$A:$F,6,0) -> 0.002 | N42: =VLOOKUP(A42,[2]total_freq!$A:$F,6,0) -> 0.715 | O42: =VLOOKUP(A42,[3]total_freq!$A:$F,6,0) -> #N/A | P42: =VLOOKUP(A42,[4]total_freq!$A:$F,6,0) -> #N/A | Q42: =VLOOKUP(A42,[5]total_freq!$A:$F,6,0) -> #N/A | R42: =VLOOKUP(A42,[6]total_freq!$A:$F,6,0) -> #N/A | S42: =VLOOKUP(A42,[7]total_freq!$A:$F,6,0) -> 0.002 | T42: =VLOOKUP(A42,[8]total_freq!$A:$F,6,0) -> #N/A | U42: =VLOOKUP(A42,[9]total_freq!$A:$F,6,0) -> 0.652 | V42: =VLOOKUP(A42,[10]total_freq!$A:$F,6,0) -> #N/A
A43: 家中 | B43: 7 | D43: =OR(E43,F43,G43>0.98,H43>0.98,I43) -> FALSE | E43: =IF(ISNA(VLOOKUP(A43,freq_country_woman!A:A:freq_country_woman!GP:GP,198,0)),FALSE,VLOOKUP(A43,freq_country_woman!A:A:freq_country_woman!GP:GP,198,0)) -> FALSE | F43: =IF(ISNA(VLOOKUP(A43,freq_country_man!A:A:freq_country_man!GP:GP,198,0)),FALSE,VLOOKUP(A43,freq_country_man!A:A:freq_country_man!GP:GP,198,0)) -> FALSE | G43: =IF(ISNA(VLOOKUP(A43,freq_country_woman!A:A:freq_country_woman!GQ:GQ,199,0)),0,VLOOKUP(A43,freq_country_woman!A:A:freq_country_woman!GQ:GQ,199,0)) -> 0 | H43: =IF(ISNA(VLOOKUP(A43,freq_country_man!A:A:freq_country_man!GQ:GQ,199,0)),0,VLOOKUP(A43,freq_country_man!A:A:freq_country_man!GQ:GQ,199,0)) -> 0 | J43: =VLOOKUP(A43,'词频排序表（数据中间处理）'!A:C,3,0) -> 0.463 | K43: =VLOOKUP(A43,'词频排序表（数据中间处理）'!G:I,3,0) -> #N/A | L43: =IF(ISNA(J43),0,J43)-IF(ISNA(K43),0,K43) -> 0.463 | M43: =VLOOKUP(A43,[1]total_freq!$A:$F,6,0) -> 0.431 | N43: =VLOOKUP(A43,[2]total_freq!$A:$F,6,0) -> 0.564 | O43: =VLOOKUP(A43,[3]total_freq!$A:$F,6,0) -> #N/A | P43: =VLOOKUP(A43,[4]total_freq!$A:$F,6,0) -> 0.002 | Q43: =VLOOKUP(A43,[5]total_freq!$A:$F,6,0) -> 0.002 | R43: =VLOOKUP(A43,[6]total_freq!$A:$F,6,0) -> 0.394 | S43: =VLOOKUP(A43,[7]total_freq!$A:$F,6,0) -> 0.522 | T43: =VLOOKUP(A43,[8]total_freq!$A:$F,6,0) -> #N/A | U43: =VLOOKUP(A43,[9]total_freq!$A:$F,6,0) -> #N/A | V43: =VLOOKUP(A43,[10]total_freq!$A:$F,6,0) -> 0.382
A44: 美貌 | B44: 7 | D44: =OR(E44,F44,G44>0.98,H44>0.98,I44) -> FALSE | E44: =IF(ISNA(VLOOKUP(A44,freq_country_woman!A:A:freq_country_woman!GP:GP,198,0)),FALSE,VLOOKUP(A44,freq_country_woman!A:A:freq_country_woman!GP:GP,198,0)) -> FALSE | F44: =IF(ISNA(VLOOKUP(A44,freq_country_man!A:A:freq_country_man!GP:GP,198,0)),FALSE,VLOOKUP(A44,freq_country_man!A:A:freq_country_man!GP:GP,198,0)) -> FALSE | G44: =IF(ISNA(VLOOKUP(A44,freq_country_woman!A:A:freq_country_woman!GQ:GQ,199,0)),0,VLOOKUP(A44,freq_country_woman!A:A:freq_country_woman!GQ:GQ,199,0)) -> 0.0051020408 | H44: =IF(ISNA(VLOOKUP(A44,freq_country_man!A:A:freq_country_man!GQ:GQ,199,0)),0,VLOOKUP(A44,freq_country_man!A:A:freq_country_man!GQ:GQ,199,0)) -> 0 | J44: =VLOOKUP(A44,'词频排序表（数据中间处理）'!A:C,3,0) -> 0.463 | K44: =VLOOKUP(A44,'词频排序表（数据中间处理）'!G:I,3,0) -> #N/A | L44: =IF(ISNA(J44),0,J44)-IF(ISNA(K44),0,K44) -> 0.463 | M44: =VLOOKUP(A44,[1]total_freq!$A:$F,6,0) -> #N/A | N44: =VLOOKUP(A44,[2]total_freq!$A:$F,6,0) -> 0.002 | O44: =VLOOKUP(A44,[3]total_freq!$A:$F,6,0) -> 0.379 | P44: =VLOOKUP(A44,[4]total_freq!$A:$F,6,0) -> 0.002 | Q44: =VLOOKUP(A44,[5]total_freq!$A:$F,6,0) -> 0.409 | R44: =VLOOKUP(A44,[6]total_freq!$A:$F,6,0) -> 0.002 | S44: =VLOOKUP(A44,[7]total_freq!$A:$F,6,0) -> 0.002 | T44: =VLOOKUP(A44,[8]total_freq!$A:$F,6,0) -> 0.393 | U44: =VLOOKUP(A44,[9]total_freq!$A:$F,6,0) -> 0.492 | V44: =VLOOKUP(A44,[10]total_freq!$A:$F,6,0) -> #N/A
A45: 阿巴亚 | B45: 7 | D45: =OR(E45,F45,G45>0.98,H45>0.98,I45) -> FALSE | E45: =IF(ISNA(VLOOKUP(A45,freq_country_woman!A:A:freq_country_woman!GP:GP,198,0)),FALSE,VLOOKUP(A45,freq_country_woman!A:A:freq_country_woman!GP:GP,198,0)) -> FALSE | F45: =IF(ISNA(VLOOKUP(A45,freq_country_man!A:A:freq_country_man!GP:GP,198,0)),FALSE,VLOOKUP(A45,freq_country_man!A:A:freq_country_man!GP:GP,198,0)) -> FALSE | G45: =IF(ISNA(VLOOKUP(A45,freq_country_woman!A:A:freq_country_woman!GQ:GQ,199,0)),0,VLOOKUP(A45,freq_country_woman!A:A:freq_country_woman!GQ:GQ,199,0)) -> 0.010204082 | H45: =IF(ISNA(VLOOKUP(A45,freq_country_man!A:A:freq_country_man!GQ:GQ,199,0)),0,VLOOKUP(A45,freq_country_man!A:A:freq_country_man!GQ:GQ,199,0)) -> 0 | J45: =VLOOKUP(A45,'词频排序表（数据中间处理）'!A:C,3,0) -> 0.463 | K45: =VLOOKUP(A45,'词频排序表（数据中间处理）'!G:I,3,0) -> #N/A | L45: =IF(ISNA(J45),0,J45)-IF(ISNA(K45),0,K45) -> 0.463 | M45: =VLOOKUP(A45,[1]total_freq!$A:$F,6,0) -> 0.62 | N45: =VLOOKUP(A45,[2]total_freq!$A:$F,6,0) -> 0.426 | O45: =VLOOKUP(A45,[3]total_freq!$A:$F,6,0) -> 0.002 | P45: =VLOOKUP(A45,[4]total_freq!$A:$F,6,0) -> #N/A | Q45: =VLOOKUP(A45,[5]total_freq!$A:$F,6,0) -> #N/A | R45: =VLOOKUP(A45,[6]total_freq!$A:$F,6,0) -> 0.002 | S45: =VLOOKUP(A45,[7]total_freq!$A:$F,6,0) -> #N/A | T45: =VLOOKUP(A45,[8]total_freq!$A:$F,6,0) -> #N/A | U45: =VLOOKUP(A45,[9]total_freq!$A:$F,6,0) -> 0.625 | V45: =VLOOKUP(A45,[10]total_freq!$A:$F,6,0) -> 0.002
A46: 节日 | B46: 7 | D46: =OR(E46,F46,G46>0.98,H46>0.98,I46) -> FALSE | E46: =IF(ISNA(VLOOKUP(A46,freq_country_woman!A:A:freq_country_woman!GP:GP,198,0)),FALSE,VLOOKUP(A46,freq_country_woman!A:A:freq_country_woman!GP:GP,198,0)) -> FALSE | F46: =IF(ISNA(VLOOKUP(A46,freq_country_man!A:A:freq_country_man!GP:GP,198,0)),FALSE,VLOOKUP(A46,freq_country_man!A:A:freq_country_man!GP:GP,198,0)) -> FALSE | G46: =IF(ISNA(VLOOKUP(A46,freq_country_woman!A:A:freq_country_woman!GQ:GQ,199,0)),0,VLOOKUP(A46,freq_country_woman!A:A:freq_country_woman!GQ:GQ,199,0)) -> 0 | H46: =IF(ISNA(VLOOKUP(A46,freq_country_man!A:A:freq_country_man!GQ:GQ,199,0)),0,VLOOKUP(A46,freq_country_man!A:A:freq_country_man!GQ:GQ,199,0)) -> 0 | J46: =VLOOKUP(A46,'词频排序表（数据中间处理）'!A:C,3,0) -> 0.463 | K46: =VLOOKUP(A46,'词频排序表（数据中间处理）'!G:I,3,0) -> #N/A | L46: =IF(ISNA(J46),0,J46)-IF(ISNA(K46),0,K46) -> 0.463 | M46: =VLOOKUP(A46,[1]total_freq!$A:$F,6,0) -> #N/A | N46: =VLOOKUP(A46,[2]total_freq!$A:$F,6,0) -> 0.002 | O46: =VLOOKUP(A46,[3]total_freq!$A:$F,6,0) -> 0.533 | P46: =VLOOKUP(A46,[4]total_freq!$A:$F,6,0) -> 0.002 | Q46: =VLOOKUP(A46,[5]total_freq!$A:$F,6,0) -> 0.002 | R46: =VLOOKUP(A46,[6]total_freq!$A:$F,6,0) -> #N/A | S46: =VLOOKUP(A46,[7]total_freq!$A:$F,6,0) -> #N/A | T46: =VLOOKUP(A46,[8]total_freq!$A:$F,6,0) -> 0.393 | U46: =VLOOKUP(A46,[9]total_freq!$A:$F,6,0) -> 0.625 | V46: =VLOOKUP(A46,[10]total_freq!$A:$F,6,0) -> #N/A
A47: 重任 | B47: 7 | D47: =OR(E47,F47,G47>0.98,H47>0.98,I47) -> FALSE | E47: =IF(ISNA(VLOOKUP(A47,freq_country_woman!A:A:freq_country_woman!GP:GP,198,0)),FALSE,VLOOKUP(A47,freq_country_woman!A:A:freq_country_woman!GP:GP,198,0)) -> FALSE | F47: =IF(ISNA(VLOOKUP(A47,freq_country_man!A:A:freq_country_man!GP:GP,198,0)),FALSE,VLOOKUP(A47,freq_country_man!A:A:freq_country_man!GP:GP,198,0)) -> FALSE | G47: =IF(ISNA(VLOOKUP(A47,freq_country_woman!A:A:freq_country_woman!GQ:GQ,199,0)),0,VLOOKUP(A47,freq_country_woman!A:A:freq_country_woman!GQ:GQ,199,0)) -> 0 | H47: =IF(ISNA(VLOOKUP(A47,freq_country_man!A:A:freq_country_man!GQ:GQ,199,0)),0,VLOOKUP(A47,freq_country_man!A:A:freq_country_man!GQ:GQ,199,0)) -> 0 | J47: =VLOOKUP(A47,'词频排序表（数据中间处理）'!A:C,3,0) -> 0.463 | K47: =VLOOKUP(A47,'词频排序表（数据中间处理）'!G:I,3,0) -> #N/A | L47: =IF(ISNA(J47),0,J47)-IF(ISNA(K47),0,K47) -> 0.463 | M47: =VLOOKUP(A47,[1]total_freq!$A:$F,6,0) -> 0.556 | N47: =VLOOKUP(A47,[2]total_freq!$A:$F,6,0) -> 0.002 | O47: =VLOOKUP(A47,[3]total_freq!$A:$F,6,0) -> 0.379 | P47: =VLOOKUP(A47,[4]total_freq!$A:$F,6,0) -> #N/A | Q47: =VLOOKUP(A47,[5]total_freq!$A:$F,6,0) -> 0.002 | R47: =VLOOKUP(A47,[6]total_freq!$A:$F,6,0) -> 0.602 | S47: =VLOOKUP(A47,[7]total_freq!$A:$F,6,0) -> 0.522 | T47: =VLOOKUP(A47,[8]total_freq!$A:$F,6,0) -> #N/A | U47: =VLOOKUP(A47,[9]total_freq!$A:$F,6,0) -> #N/A | V47: =VLOOKUP(A47,[10]total_freq!$A:$F,6,0) -> #N/A
A48: 烹饪 | B48: 7 | D48: =OR(E48,F48,G48>0.98,H48>0.98,I48) -> FALSE | E48: =IF(ISNA(VLOOKUP(A48,freq_country_woman!A:A:freq_country_woman!GP:GP,198,0)),FALSE,VLOOKUP(A48,freq_country_woman!A:A:freq_country_woman!GP:GP,198,0)) -> FALSE | F48: =IF(ISNA(VLOOKUP(A48,freq_country_man!A:A:freq_country_man!GP:GP,198,0)),FALSE,VLOOKUP(A48,freq_country_man!A:A:freq_country_man!GP:GP,198,0)) -> FALSE | G48: =IF(ISNA(VLOOKUP(A48,freq_country_woman!A:A:freq_country_woman!GQ:GQ,199,0)),0,VLOOKUP(A48,freq_country_woman!A:A:freq_country_woman!GQ:GQ,199,0)) -> 0 | H48: =IF(ISNA(VLOOKUP(A48,freq_country_man!A:A:freq_country_man!GQ:GQ,199,0)),0,VLOOKUP(A48,freq_country_man!A:A:freq_country_man!GQ:GQ,199,0)) -> 0 | J48: =VLOOKUP(A48,'词频排序表（数据中间处理）'!A:C,3,0) -> 0.463 | K48: =VLOOKUP(A48,'词频排序表（数据中间处理）'!G:I,3,0) -> #N/A | L48: =IF(ISNA(J48),0,J48)-IF(ISNA(K48),0,K48) -> 0.463 | M48: =VLOOKUP(A48,[1]total_freq!$A:$F,6,0) -> 0.002 | N48: =VLOOKUP(A48,[2]total_freq!$A:$F,6,0) -> 0.426 | O48: =VLOOKUP(A48,[3]total_freq!$A:$F,6,0) -> 0.379 | P48: =VLOOKUP(A48,[4]total_freq!$A:$F,6,0) -> 0.411 | Q48: =VLOOKUP(A48,[5]total_freq!$A:$F,6,0) -> #N/A | R48: =VLOOKUP(A48,[6]total_freq!$A:$F,6,0) -> #N/A | S48: =VLOOKUP(A48,[7]total_freq!$A:$F,6,0) -> 0.374 | T48: =VLOOKUP(A48,[8]total_freq!$A:$F,6,0) -> 0.538 | U48: =VLOOKUP(A48,[9]total_freq!$A:$F,6,0) -> 0.374 | V48: =VLOOKUP(A48,[10]total_freq!$A:$F,6,0) -> #N/A
A49: 找到 | B49: 7 | C49: 2 | D49: =OR(E49,F49,G49>0.98,H49>0.98,I49) -> FALSE | E49: =IF(ISNA(VLOOKUP(A49,freq_country_woman!A:A:freq_country_woman!GP:GP,198,0)),FALSE,VLOOKUP(A49,freq_country_woman!A:A:freq_country_woman!GP:GP,198,0)) -> FALSE | F49: =IF(ISNA(VLOOKUP(A49,freq_country_man!A:A:freq_country_man!GP:GP,198,0)),FALSE,VLOOKUP(A49,freq_country_man!A:A:freq_country_man!GP:GP,198,0)) -> FALSE | G49: =IF(ISNA(VLOOKUP(A49,freq_country_woman!A:A:freq_country_woman!GQ:GQ,199,0)),0,VLOOKUP(A49,freq_country_woman!A:A:freq_country_woman!GQ:GQ,199,0)) -> 0.0051020408 | H49: =IF(ISNA(VLOOKUP(A49,freq_country_man!A:A:freq_country_man!GQ:GQ,199,0)),0,VLOOKUP(A49,freq_country_man!A:A:freq_country_man!GQ:GQ,199,0)) -> 0 | J49: =VLOOKUP(A49,'词频排序表（数据中间处理）'!A:C,3,0) -> 0.463 | K49: =VLOOKUP(A49,'词频排序表（数据中间处理）'!G:I,3,0) -> 0.002 | L49: =IF(ISNA(J49),0,J49)-IF(ISNA(K49),0,K49) -> 0.461 | M49: =VLOOKUP(A49,[1]total_freq!$A:$F,6,0) -> 0.002 | N49: =VLOOKUP(A49,[2]total_freq!$A:$F,6,0) -> 0 | O49: =VLOOKUP(A49,[3]total_freq!$A:$F,6,0) -> #N/A | P49: =VLOOKUP(A49,[4]total_freq!$A:$F,6,0) -> 0.409 | Q49: =VLOOKUP(A49,[5]total_freq!$A:$F,6,0) -> 0.002 | R49: =VLOOKUP(A49,[6]total_freq!$A:$F,6,0) -> #N/A | S49: =VLOOKUP(A49,[7]total_freq!$A:$F,6,0) -> -0.002 | T49: =VLOOKUP(A49,[8]total_freq!$A:$F,6,0) -> 0.645 | U49: =VLOOKUP(A49,[9]total_freq!$A:$F,6,0) -> #N/A | V49: =VLOOKUP(A49,[10]total_freq!$A:$F,6,0) -> 0.381
A50: 育儿 | B50: 6 | D50: =OR(E50,F50,G50>0.98,H50>0.98,I50) -> FALSE | E50: =IF(ISNA(VLOOKUP(A50,freq_country_woman!A:A:freq_country_woman!GP:GP,198,0)),FALSE,VLOOKUP(A50,freq_country_woman!A:A:freq_country_woman!GP:GP,198,0)) -> FALSE | F50: =IF(ISNA(VLOOKUP(A50,freq_country_man!A:A:freq_country_man!GP:GP,198,0)),FALSE,VLOOKUP(A50,freq_country_man!A:A:freq_country_man!GP:GP,198,0)) -> FALSE | G50: =IF(ISNA(VLOOKUP(A50,freq_country_woman!A:A:freq_country_woman!GQ:GQ,199,0)),0,VLOOKUP(A50,freq_country_woman!A:A:freq_country_woman!GQ:GQ,199,0)) -> 0 | H50: =IF(ISNA(VLOOKUP(A50,freq_country_man!A:A:freq_country_man!GQ:GQ,199,0)),0,VLOOKUP(A50,freq_country_man!A:A:freq_country_man!GQ:GQ,199,0)) -> 0 | J50: =VLOOKUP(A50,'词频排序表（数据中间处理）'!A:C,3,0) -> 0.428 | K50: =VLOOKUP(A50,'词频排序表（数据中间处理）'!G:I,3,0) -> #N/A | L50: =IF(ISNA(J50),0,J50)-IF(ISNA(K50),0,K50) -> 0.428 | M50: =VLOOKUP(A50,[1]total_freq!$A:$F,6,0) -> 0.556 | N50: =VLOOKUP(A50,[2]total_freq!$A:$F,6,0) -> 0.426 | O50: =VLOOKUP(A50,[3]total_freq!$A:$F,6,0) -> #N/A | P50: =VLOOKUP(A50,[4]total_freq!$A:$F,6,0) -> #N/A | Q50: =VLOOKUP(A50,[5]total_freq!$A:$F,6,0) -> 0.002 | R50: =VLOOKUP(A50,[6]total_freq!$A:$F,6,0) -> 0.651 | S50: =VLOOKUP(A50,[7]total_freq!$A:$F,6,0) -> 0.002 | T50: =VLOOKUP(A50,[8]total_freq!$A:$F,6,0) -> #N/A | U50: =VLOOKUP(A50,[9]total_freq!$A:$F,6,0) -> #N/A | V50: =VLOOKUP(A50,[10]total_freq!$A:$F,6,0) -> #N/A
A51: 外表美丽 | B51: 6 | D51: =OR(E51,F51,G51>0.98,H51>0.98,I51) -> FALSE | E51: =IF(ISNA(VLOOKUP(A51,freq_country_woman!A:A:freq_country_woman!GP:GP,198,0)),FALSE,VLOOKUP(A51,freq_country_woman!A:A:freq_country_woman!GP:GP,198,0)) -> FALSE | F51: =IF(ISNA(VLOOKUP(A51,freq_country_man!A:A:freq_country_man!GP:GP,198,0)),FALSE,VLOOKUP(A51,freq_country_man!A:A:freq_country_man!GP:GP,198,0)) -> FALSE | G51: =IF(ISNA(VLOOKUP(A51,freq_country_woman!A:A:freq_country_woman!GQ:GQ,199,0)),0,VLOOKUP(A51,freq_country_woman!A:A:freq_country_woman!GQ:GQ,199,0)) -> 0.0051020408 | H51: =IF(ISNA(VLOOKUP(A51,freq_country_man!A:A:freq_country_man!GQ:GQ,199,0)),0,VLOOKUP(A51,freq_country_man!A:A:freq_country_man!GQ:GQ,199,0)) -> 0 | J51: =VLOOKUP(A51,'词频排序表（数据中间处理）'!A:C,3,0) -> 0.428 | K51: =VLOOKUP(A51,'词频排序表（数据中间处理）'!G:I,3,0) -> #N/A | L51: =IF(ISNA(J51),0,J51)-IF(ISNA(K51),0,K51) -> 0.428 | M51: =VLOOKUP(A51,[1]total_freq!$A:$F,6,0) -> #N/A | N51: =VLOOKUP(A51,[2]total_freq!$A:$F,6,0) -> 0.002 | O51: =VLOOKUP(A51,[3]total_freq!$A:$F,6,0) -> 0.379 | P51: =VLOOKUP(A51,[4]total_freq!$A:$F,6,0) -> 0.002 | Q51: =VLOOKUP(A51,[5]total_freq!$A:$F,6,0) -> 0.409 | R51: =VLOOKUP(A51,[6]total_freq!$A:$F,6,0) -> #N/A | S51: =VLOOKUP(A51,[7]total_freq!$A:$F,6,0) -> 0.374 | T51: =VLOOKUP(A51,[8]total_freq!$A:$F,6,0) -> #N/A | U51: =VLOOKUP(A51,[9]total_freq!$A:$F,6,0) -> 0.575 | V51: =VLOOKUP(A51,[10]total_freq!$A:$F,6,0) -> #N/A
A52: 职 | B52: 6 | D52: =OR(E52,F52,G52>0.98,H52>0.98,I52) -> FALSE | E52: =IF(ISNA(VLOOKUP(A52,freq_country_woman!A:A:freq_country_woman!GP:GP,198,0)),FALSE,VLOOKUP(A52,freq_country_woman!A:A:freq_country_woman!GP:GP,198,0)) -> FALSE | F52: =IF(ISNA(VLOOKUP(A52,freq_country_man!A:A:freq_country_man!GP:GP,198,0)),FALSE,VLOOKUP(A52,freq_country_man!A:A:freq_country_man!GP:GP,198,0)) -> FALSE | G52: =IF(ISNA(VLOOKUP(A52,freq_country_woman!A:A:freq_country_woman!GQ:GQ,199,0)),0,VLOOKUP(A52,freq_country_woman!A:A:freq_country_woman!GQ:GQ,199,0)) -> 0.0051020408 | H52: =IF(ISNA(VLOOKUP(A52,freq_country_man!A:A:freq_country_man!GQ:GQ,199,0)),0,VLOOKUP(A52,freq_country_man!A:A:freq_country_man!GQ:GQ,199,0)) -> 0 | J52: =VLOOKUP(A52,'词频排序表（数据中间处理）'!A:C,3,0) -> 0.428 | K52: =VLOOKUP(A52,'词频排序表（数据中间处理）'!G:I,3,0) -> #N/A | L52: =IF(ISNA(J52),0,J52)-IF(ISNA(K52),0,K52) -> 0.428 | M52: =VLOOKUP(A52,[1]total_freq!$A:$F,6,0) -> #N/A | N52: =VLOOKUP(A52,[2]total_freq!$A:$F,6,0) -> #N/A | O52: =VLOOKUP(A52,[3]total_freq!$A:$F,6,0) -> #N/A | P52: =VLOOKUP(A52,[4]total_freq!$A:$F,6,0) -> #N/A | Q52: =VLOOKUP(A52,[5]total_freq!$A:$F,6,0) -> 0.697 | R52: =VLOOKUP(A52,[6]total_freq!$A:$F,6,0) -> #N/A | S52: =VLOOKUP(A52,[7]total_freq!$A:$F,6,0) -> #N/A | T52: =VLOOKUP(A52,[8]total_freq!$A:$F,6,0) -> #N/A | U52: =VLOOKUP(A52,[9]total_freq!$A:$F,6,0) -> #N/A | V52: =VLOOKUP(A52,[10]total_freq!$A:$F,6,0) -> 0.672
A53: 贸易 | B53: 6 | C53: 2 | D53: =OR(E53,F53,G53>0.98,H53>0.98,I53) -> FALSE | E53: =IF(ISNA(VLOOKUP(A53,freq_country_woman!A:A:freq_country_woman!GP:GP,198,0)),FALSE,VLOOKUP(A53,freq_country_woman!A:A:freq_country_woman!GP:GP,198,0)) -> FALSE | F53: =IF(ISNA(VLOOKUP(A53,freq_country_man!A:A:freq_country_man!GP:GP,198,0)),FALSE,VLOOKUP(A53,freq_country_man!A:A:freq_country_man!GP:GP,198,0)) -> FALSE | G53: =IF(ISNA(VLOOKUP(A53,freq_country_woman!A:A:freq_country_woman!GQ:GQ,199,0)),0,VLOOKUP(A53,freq_country_woman!A:A:freq_country_woman!GQ:GQ,199,0)) -> 0.0051020408 | H53: =IF(ISNA(VLOOKUP(A53,freq_country_man!A:A:freq_country_man!GQ:GQ,199,0)),0,VLOOKUP(A53,freq_country_man!A:A:freq_country_man!GQ:GQ,199,0)) -> 0 | J53: =VLOOKUP(A53,'词频排序表（数据中间处理）'!A:C,3,0) -> 0.428 | K53: =VLOOKUP(A53,'词频排序表（数据中间处理）'!G:I,3,0) -> 0.002 | L53: =IF(ISNA(J53),0,J53)-IF(ISNA(K53),0,K53) -> 0.426 | M53: =VLOOKUP(A53,[1]total_freq!$A:$F,6,0) -> 0.556 | N53: =VLOOKUP(A53,[2]total_freq!$A:$F,6,0) -> #N/A | O53: =VLOOKUP(A53,[3]total_freq!$A:$F,6,0) -> 0.377 | P53: =VLOOKUP(A53,[4]total_freq!$A:$F,6,0) -> #N/A | Q53: =VLOOKUP(A53,[5]total_freq!$A:$F,6,0) -> 0 | R53: =VLOOKUP(A53,[6]total_freq!$A:$F,6,0) -> 0.651 | S53: =VLOOKUP(A53,[7]total_freq!$A:$F,6,0) -> 0.002 | T53: =VLOOKUP(A53,[8]total_freq!$A:$F,6,0) -> #N/A | U53: =VLOOKUP(A53,[9]total_freq!$A:$F,6,0) -> #N/A | V53: =VLOOKUP(A53,[10]total_freq!$A:$F,6,0) -> -0.373
A54: 跳舞 | B54: 6 | C54: 2 | D54: =OR(E54,F54,G54>0.98,H54>0.98,I54) -> FALSE | E54: =IF(ISNA(VLOOKUP(A54,freq_country_woman!A:A:freq_country_woman!GP:GP,198,0)),FALSE,VLOOKUP(A54,freq_country_woman!A:A:freq_country_woman!GP:GP,198,0)) -> FALSE | F54: =IF(ISNA(VLOOKUP(A54,freq_country_man!A:A:freq_country_man!GP:GP,198,0)),FALSE,VLOOKUP(A54,freq_country_man!A:A:freq_country_man!GP:GP,198,0)) -> FALSE | G54: =IF(ISNA(VLOOKUP(A54,freq_country_woman!A:A:freq_country_woman!GQ:GQ,199,0)),0,VLOOKUP(A54,freq_country_woman!A:A:freq_country_woman!GQ:GQ,199,0)) -> 0.010204082 | H54: =IF(ISNA(VLOOKUP(A54,freq_country_man!A:A:freq_country_man!GQ:GQ,199,0)),0,VLOOKUP(A54,freq_country_man!A:A:freq_country_man!GQ:GQ,199,0)) -> 0 | J54: =VLOOKUP(A54,'词频排序表（数据中间处理）'!A:C,3,0) -> 0.428 | K54: =VLOOKUP(A54,'词频排序表（数据中间处理）'!G:I,3,0) -> 0.002 | L54: =IF(ISNA(J54),0,J54)-IF(ISNA(K54),0,K54) -> 0.426 | M54: =VLOOKUP(A54,[1]total_freq!$A:$F,6,0) -> #N/A | N54: =VLOOKUP(A54,[2]total_freq!$A:$F,6,0) -> 0.002 | O54: =VLOOKUP(A54,[3]total_freq!$A:$F,6,0) -> 0.531 | P54: =VLOOKUP(A54,[4]total_freq!$A:$F,6,0) -> 0.409 | Q54: =VLOOKUP(A54,[5]total_freq!$A:$F,6,0) -> #N/A | R54: =VLOOKUP(A54,[6]total_freq!$A:$F,6,0) -> #N/A | S54: =VLOOKUP(A54,[7]total_freq!$A:$F,6,0) -> -0.002 | T54: =VLOOKUP(A54,[8]total_freq!$A:$F,6,0) -> 0.68 | U54: =VLOOKUP(A54,[9]total_freq!$A:$F,6,0) -> #N/A | V54: =VLOOKUP(A54,[10]total_freq!$A:$F,6,0) -> #N/A
A55: 血统 | B55: 6 | C55: 2 | D55: =OR(E55,F55,G55>0.98,H55>0.98,I55) -> FALSE | E55: =IF(ISNA(VLOOKUP(A55,freq_country_woman!A:A:freq_country_woman!GP:GP,198,0)),FALSE,VLOOKUP(A55,freq_country_woman!A:A:freq_country_woman!GP:GP,198,0)) -> FALSE | F55: =IF(ISNA(VLOOKUP(A55,freq_country_man!A:A:freq_country_man!GP:GP,198,0)),FALSE,VLOOKUP(A55,freq_country_man!A:A:freq_country_man!GP:GP,198,0)) -> FALSE | G55: =IF(ISNA(VLOOKUP(A55,freq_country_woman!A:A:freq_country_woman!GQ:GQ,199,0)),0,VLOOKUP(A55,freq_country_woman!A:A:freq_country_woman!GQ:GQ,199,0)) -> 0 | H55: =IF(ISNA(VLOOKUP(A55,freq_country_man!A:A:freq_country_man!GQ:GQ,199,0)),0,VLOOKUP(A55,freq_country_man!A:A:freq_country_man!GQ:GQ,199,0)) -> 0 | J55: =VLOOKUP(A55,'词频排序表（数据中间处理）'!A:C,3,0) -> 0.428 | K55: =VLOOKUP(A55,'词频排序表（数据中间处理）'!G:I,3,0) -> 0.002 | L55: =IF(ISNA(J55),0,J55)-IF(ISNA(K55),0,K55) -> 0.426 | M55: =VLOOKUP(A55,[1]total_freq!$A:$F,6,0) -> #N/A | N55: =VLOOKUP(A55,[2]total_freq!$A:$F,6,0) -> 0.002 | O55: =VLOOKUP(A55,[3]total_freq!$A:$F,6,0) -> 0.533 | P55: =VLOOKUP(A55,[4]total_freq!$A:$F,6,0) -> 0.409 | Q55: =VLOOKUP(A55,[5]total_freq!$A:$F,6,0) -> -0.002 | R55: =VLOOKUP(A55,[6]total_freq!$A:$F,6,0) -> #N/A | S55: =VLOOKUP(A55,[7]total_freq!$A:$F,6,0) -> #N/A | T55: =VLOOKUP(A55,[8]total_freq!$A:$F,6,0) -> 0.536 | U55: =VLOOKUP(A55,[9]total_freq!$A:$F,6,0) -> 0.372 | V55: =VLOOKUP(A55,[10]total_freq!$A:$F,6,0) -> 0.002
A56: 节俭 | B56: 11 | C56: 3 | D56: =OR(E56,F56,G56>0.98,H56>0.98,I56) -> FALSE | E56: =IF(ISNA(VLOOKUP(A56,freq_country_woman!A:A:freq_country_woman!GP:GP,198,0)),FALSE,VLOOKUP(A56,freq_country_woman!A:A:freq_country_woman!GP:GP,198,0)) -> FALSE | F56: =IF(ISNA(VLOOKUP(A56,freq_country_man!A:A:freq_country_man!GP:GP,198,0)),FALSE,VLOOKUP(A56,freq_country_man!A:A:freq_country_man!GP:GP,198,0)) -> FALSE | G56: =IF(ISNA(VLOOKUP(A56,freq_country_woman!A:A:freq_country_woman!GQ:GQ,199,0)),0,VLOOKUP(A56,freq_country_woman!A:A:freq_country_woman!GQ:GQ,199,0)) -> 0.010204082 | H56: =IF(ISNA(VLOOKUP(A56,freq_country_man!A:A:freq_country_man!GQ:GQ,199,0)),0,VLOOKUP(A56,freq_country_man!A:A:freq_country_man!GQ:GQ,199,0)) -> 0 | J56: =VLOOKUP(A56,'词频排序表（数据中间处理）'!A:C,3,0) -> 0.573 | K56: =VLOOKUP(A56,'词频排序表（数据中间处理）'!G:I,3,0) -> 0.15 | L56: =IF(ISNA(J56),0,J56)-IF(ISNA(K56),0,K56) -> 0.423 | M56: =VLOOKUP(A56,[1]total_freq!$A:$F,6,0) -> 0.719 | N56: =VLOOKUP(A56,[2]total_freq!$A:$F,6,0) -> 0.426 | O56: =VLOOKUP(A56,[3]total_freq!$A:$F,6,0) -> 0.377 | P56: =VLOOKUP(A56,[4]total_freq!$A:$F,6,0) -> -0.002 | Q56: =VLOOKUP(A56,[5]total_freq!$A:$F,6,0) -> #N/A | R56: =VLOOKUP(A56,[6]total_freq!$A:$F,6,0) -> 0.764 | S56: =VLOOKUP(A56,[7]total_freq!$A:$F,6,0) -> -0.392 | T56: =VLOOKUP(A56,[8]total_freq!$A:$F,6,0) -> #N/A | U56: =VLOOKUP(A56,[9]total_freq!$A:$F,6,0) -> 0.002 | V56: =VLOOKUP(A56,[10]total_freq!$A:$F,6,0) -> #N/A
A57: 伊斯兰 | B57: 9 | C57: 3 | D57: =OR(E57,F57,G57>0.98,H57>0.98,I57) -> FALSE | E57: =IF(ISNA(VLOOKUP(A57,freq_country_woman!A:A:freq_country_woman!GP:GP,198,0)),FALSE,VLOOKUP(A57,freq_country_woman!A:A:freq_country_woman!GP:GP,198,0)) -> FALSE | F57: =IF(ISNA(VLOOKUP(A57,freq_country_man!A:A:freq_country_man!GP:GP,198,0)),FALSE,VLOOKUP(A57,freq_country_man!A:A:freq_country_man!GP:GP,198,0)) -> FALSE | G57: =IF(ISNA(VLOOKUP(A57,freq_country_woman!A:A:freq_country_woman!GQ:GQ,199,0)),0,VLOOKUP(A57,freq_country_woman!A:A:freq_country_woman!GQ:GQ,199,0)) -> 0.010204082 | H57: =IF(ISNA(VLOOKUP(A57,freq_country_man!A:A:freq_country_man!GQ:GQ,199,0)),0,VLOOKUP(A57,freq_country_man!A:A:freq_country_man!GQ:GQ,199,0)) -> 0 | J57: =VLOOKUP(A57,'词频排序表（数据中间处理）'!A:C,3,0) -> 0.534 | K57: =VLOOKUP(A57,'词频排序表（数据中间处理）'!G:I,3,0) -> 0.15 | L57: =IF(ISNA(J57),0,J57)-IF(ISNA(K57),0,K57) -> 0.384 | M57: =VLOOKUP(A57,[1]total_freq!$A:$F,6,0) -> 0.241 | N57: =VLOOKUP(A57,[2]total_freq!$A:$F,6,0) -> #N/A | O57: =VLOOKUP(A57,[3]total_freq!$A:$F,6,0) -> 0.002 | P57: =VLOOKUP(A57,[4]total_freq!$A:$F,6,0) -> #N/A | Q57: =VLOOKUP(A57,[5]total_freq!$A:$F,6,0) -> #N/A | R57: =VLOOKUP(A57,[6]total_freq!$A:$F,6,0) -> -0.002 | S57: =VLOOKUP(A57,[7]total_freq!$A:$F,6,0) -> 0.633 | T57: =VLOOKUP(A57,[8]total_freq!$A:$F,6,0) -> 0.002 | U57: =VLOOKUP(A57,[9]total_freq!$A:$F,6,0) -> #N/A | V57: =VLOOKUP(A57,[10]total_freq!$A:$F,6,0) -> 0.512
A58: 受 | B58: 9 | C58: 3 | D58: =OR(E58,F58,G58>0.98,H58>0.98,I58) -> FALSE | E58: =IF(ISNA(VLOOKUP(A58,freq_country_woman!A:A:freq_country_woman!GP:GP,198,0)),FALSE,VLOOKUP(A58,freq_country_woman!A:A:freq_country_woman!GP:GP,198,0)) -> FALSE | F58: =IF(ISNA(VLOOKUP(A58,freq_country_man!A:A:freq_country_man!GP:GP,198,0)),FALSE,VLOOKUP(A58,freq_country_man!A:A:freq_country_man!GP:GP,198,0)) -> FALSE | G58: =IF(ISNA(VLOOKUP(A58,freq_country_woman!A:A:freq_country_woman!GQ:GQ,199,0)),0,VLOOKUP(A58,freq_country_woman!A:A:freq_country_woman!GQ:GQ,199,0)) -> 0.0051020408 | H58: =IF(ISNA(VLOOKUP(A58,freq_country_man!A:A:freq_country_man!GQ:GQ,199,0)),0,VLOOKUP(A58,freq_country_man!A:A:freq_country_man!GQ:GQ,199,0)) -> 0 | J58: =VLOOKUP(A58,'词频排序表（数据中间处理）'!A:C,3,0) -> 0.534 | K58: =VLOOKUP(A58,'词频排序表（数据中间处理）'!G:I,3,0) -> 0.15 | L58: =IF(ISNA(J58),0,J58)-IF(ISNA(K58),0,K58) -> 0.384 | M58: =VLOOKUP(A58,[1]total_freq!$A:$F,6,0) -> 0.682 | N58: =VLOOKUP(A58,[2]total_freq!$A:$F,6,0) -> 0.002 | O58: =VLOOKUP(A58,[3]total_freq!$A:$F,6,0) -> #N/A | P58: =VLOOKUP(A58,[4]total_freq!$A:$F,6,0) -> -0.002 | Q58: =VLOOKUP(A58,[5]total_freq!$A:$F,6,0) -> 0.409 | R58: =VLOOKUP(A58,[6]total_freq!$A:$F,6,0) -> 0.002 | S58: =VLOOKUP(A58,[7]total_freq!$A:$F,6,0) -> 0.522 | T58: =VLOOKUP(A58,[8]total_freq!$A:$F,6,0) -> 0.393 | U58: =VLOOKUP(A58,[9]total_freq!$A:$F,6,0) -> 0 | V58: =VLOOKUP(A58,[10]total_freq!$A:$F,6,0) -> 0.009
A59: 越来越 | B59: 5 | D59: =OR(E59,F59,G59>0.98,H59>0.98,I59) -> FALSE | E59: =IF(ISNA(VLOOKUP(A59,freq_country_woman!A:A:freq_country_woman!GP:GP,198,0)),FALSE,VLOOKUP(A59,freq_country_woman!A:A:freq_country_woman!GP:GP,198,0)) -> FALSE | F59: =IF(ISNA(VLOOKUP(A59,freq_country_man!A:A:freq_country_man!GP:GP,198,0)),FALSE,VLOOKUP(A59,freq_country_man!A:A:freq_country_man!GP:GP,198,0)) -> FALSE | G59: =IF(ISNA(VLOOKUP(A59,freq_country_woman!A:A:freq_country_woman!GQ:GQ,199,0)),0,VLOOKUP(A59,freq_country_woman!A:A:freq_country_woman!GQ:GQ,199,0)) -> 0.0051020408 | H59: =IF(ISNA(VLOOKUP(A59,freq_country_man!A:A:freq_country_man!GQ:GQ,199,0)),0,VLOOKUP(A59,freq_country_man!A:A:freq_country_man!GQ:GQ,199,0)) -> 0 | J59: =VLOOKUP(A59,'词频排序表（数据中间处理）'!A:C,3,0) -> 0.379 | K59: =VLOOKUP(A59,'词频排序表（数据中间处理）'!G:I,3,0) -> #N/A | L59: =IF(ISNA(J59),0,J59)-IF(ISNA(K59),0,K59) -> 0.379 | M59: =VLOOKUP(A59,[1]total_freq!$A:$F,6,0) -> 0.62 | N59: =VLOOKUP(A59,[2]total_freq!$A:$F,6,0) -> 0.002 | O59: =VLOOKUP(A59,[3]total_freq!$A:$F,6,0) -> #N/A | P59: =VLOOKUP(A59,[4]total_freq!$A:$F,6,0) -> #N/A | Q59: =VLOOKUP(A59,[5]total_freq!$A:$F,6,0) -> #N/A | R59: =VLOOKUP(A59,[6]total_freq!$A:$F,6,0) -> 0.002 | S59: =VLOOKUP(A59,[7]total_freq!$A:$F,6,0) -> 0.522 | T59: =VLOOKUP(A59,[8]total_freq!$A:$F,6,0) -> #N/A | U59: =VLOOKUP(A59,[9]total_freq!$A:$F,6,0) -> 0.002 | V59: =VLOOKUP(A59,[10]total_freq!$A:$F,6,0) -> #N/A
A60: 母亲 | B60: 5 | D60: =OR(E60,F60,G60>0.98,H60>0.98,I60) -> FALSE | E60: =IF(ISNA(VLOOKUP(A60,freq_country_woman!A:A:freq_country_woman!GP:GP,198,0)),FALSE,VLOOKUP(A60,freq_country_woman!A:A:freq_country_woman!GP:GP,198,0)) -> FALSE | F60: =IF(ISNA(VLOOKUP(A60,freq_country_man!A:A:freq_country_man!GP:GP,198,0)),FALSE,VLOOKUP(A60,freq_country_man!A:A:freq_country_man!GP:GP,198,0)) -> FALSE | G60: =IF(ISNA(VLOOKUP(A60,freq_country_woman!A:A:freq_country_woman!GQ:GQ,199,0)),0,VLOOKUP(A60,freq_country_woman!A:A:freq_country_woman!GQ:GQ,199,0)) -> 0 | H60: =IF(ISNA(VLOOKUP(A60,freq_country_man!A:A:freq_country_man!GQ:GQ,199,0)),0,VLOOKUP(A60,freq_country_man!A:A:freq_country_man!GQ:GQ,199,0)) -> 0 | J60: =VLOOKUP(A60,'词频排序表（数据中间处理）'!A:C,3,0) -> 0.379 | K60: =VLOOKUP(A60,'词频排序表（数据中间处理）'!G:I,3,0) -> #N/A | L60: =IF(ISNA(J60),0,J60)-IF(ISNA(K60),0,K60) -> 0.379 | M60: =VLOOKUP(A60,[1]total_freq!$A:$F,6,0) -> 0.556 | N60: =VLOOKUP(A60,[2]total_freq!$A:$F,6,0) -> 0.002 | O60: =VLOOKUP(A60,[3]total_freq!$A:$F,6,0) -> #N/A | P60: =VLOOKUP(A60,[4]total_freq!$A:$F,6,0) -> 0.002 | Q60: =VLOOKUP(A60,[5]total_freq!$A:$F,6,0) -> #N/A | R60: =VLOOKUP(A60,[6]total_freq!$A:$F,6,0) -> #N/A | S60: =VLOOKUP(A60,[7]total_freq!$A:$F,6,0) -> 0.374 | T60: =VLOOKUP(A60,[8]total_freq!$A:$F,6,0) -> 0.393 | U60: =VLOOKUP(A60,[9]total_freq!$A:$F,6,0) -> 0.002 | V60: =VLOOKUP(A60,[10]total_freq!$A:$F,6,0) -> #N/A
A61: 重担 | B61: 5 | D61: =OR(E61,F61,G61>0.98,H61>0.98,I61) -> FALSE | E61: =IF(ISNA(VLOOKUP(A61,freq_country_woman!A:A:freq_country_woman!GP:GP,198,0)),FALSE,VLOOKUP(A61,freq_country_woman!A:A:freq_country_woman!GP:GP,198,0)) -> FALSE | F61: =IF(ISNA(VLOOKUP(A61,freq_country_man!A:A:freq_country_man!GP:GP,198,0)),FALSE,VLOOKUP(A61,freq_country_man!A:A:freq_country_man!GP:GP,198,0)) -> FALSE | G61: =IF(ISNA(VLOOKUP(A61,freq_country_woman!A:A:freq_country_woman!GQ:GQ,199,0)),0,VLOOKUP(A61,freq_country_woman!A:A:freq_country_woman!GQ:GQ,199,0)) -> 0.0051020408 | H61: =IF(ISNA(VLOOKUP(A61,freq_country_man!A:A:freq_country_man!GQ:GQ,199,0)),0,VLOOKUP(A61,freq_country_man!A:A:freq_country_man!GQ:GQ,199,0)) -> 0 | J61: =VLOOKUP(A61,'词频排序表（数据中间处理）'!A:C,3,0) -> 0.379 | K61: =VLOOKUP(A61,'词频排序表（数据中间处理）'!G:I,3,0) -> #N/A | L61: =IF(ISNA(J61),0,J61)-IF(ISNA(K61),0,K61) -> 0.379 | M61: =VLOOKUP(A61,[1]total_freq!$A:$F,6,0) -> #N/A | N61: =VLOOKUP(A61,[2]total_freq!$A:$F,6,0) -> 0.426 | O61: =VLOOKUP(A61,[3]total_freq!$A:$F,6,0) -> 0.533 | P61: =VLOOKUP(A61,[4]total_freq!$A:$F,6,0) -> #N/A | Q61: =VLOOKUP(A61,[5]total_freq!$A:$F,6,0) -> #N/A | R61: =VLOOKUP(A61,[6]total_freq!$A:$F,6,0) -> 0.602 | S61: =VLOOKUP(A61,[7]total_freq!$A:$F,6,0) -> 0.002 | T61: =VLOOKUP(A61,[8]total_freq!$A:$F,6,0) -> #N/A | U61: =VLOOKUP(A61,[9]total_freq!$A:$F,6,0) -> #N/A | V61: =VLOOKUP(A61,[10]total_freq!$A:$F,6,0) -> #N/A
A62: 贤惠 | B62: 5 | D62: =OR(E62,F62,G62>0.98,H62>0.98,I62) -> FALSE | E62: =IF(ISNA(VLOOKUP(A62,freq_country_woman!A:A:freq_country_woman!GP:GP,198,0)),FALSE,VLOOKUP(A62,freq_country_woman!A:A:freq_country_woman!GP:GP,198,0)) -> FALSE | F62: =IF(ISNA(VLOOKUP(A62,freq_country_man!A:A:freq_country_man!GP:GP,198,0)),FALSE,VLOOKUP(A62,freq_country_man!A:A:freq_country_man!GP:GP,198,0)) -> FALSE | G62: =IF(ISNA(VLOOKUP(A62,freq_country_woman!A:A:freq_country_woman!GQ:GQ,199,0)),0,VLOOKUP(A62,freq_country_woman!A:A:freq_country_woman!GQ:GQ,199,0)) -> 0.0051020408 | H62: =IF(ISNA(VLOOKUP(A62,freq_country_man!A:A:freq_country_man!GQ:GQ,199,0)),0,VLOOKUP(A62,freq_country_man!A:A:freq_country_man!GQ:GQ,199,0)) -> 0 | J62: =VLOOKUP(A62,'词频排序表（数据中间处理）'!A:C,3,0) -> 0.379 | K62: =VLOOKUP(A62,'词频排序表（数据中间处理）'!G:I,3,0) -> #N/A | L62: =IF(ISNA(J62),0,J62)-IF(ISNA(K62),0,K62) -> 0.379 | M62: =VLOOKUP(A62,[1]total_freq!$A:$F,6,0) -> #N/A | N62: =VLOOKUP(A62,[2]total_freq!$A:$F,6,0) -> 0.683 | O62: =VLOOKUP(A62,[3]total_freq!$A:$F,6,0) -> #N/A | P62: =VLOOKUP(A62,[4]total_freq!$A:$F,6,0) -> #N/A | Q62: =VLOOKUP(A62,[5]total_freq!$A:$F,6,0) -> #N/A | R62: =VLOOKUP(A62,[6]total_freq!$A:$F,6,0) -> #N/A | S62: =VLOOKUP(A62,[7]total_freq!$A:$F,6,0) -> #N/A | T62: =VLOOKUP(A62,[8]total_freq!$A:$F,6,0) -> #N/A | U62: =VLOOKUP(A62,[9]total_freq!$A:$F,6,0) -> 0.575 | V62: =VLOOKUP(A62,[10]total_freq!$A:$F,6,0) -> 0.002
A63: 象征 | B63: 5 | D63: =OR(E63,F63,G63>0.98,H63>0.98,I63) -> FALSE | E63: =IF(ISNA(VLOOKUP(A63,freq_country_woman!A:A:freq_country_woman!GP:GP,198,0)),FALSE,VLOOKUP(A63,freq_country_woman!A:A:freq_country_woman!GP:GP,198,0)) -> FALSE | F63: =IF(ISNA(VLOOKUP(A63,freq_country_man!A:A:freq_country_man!GP:GP,198,0)),FALSE,VLOOKUP(A63,freq_country_man!A:A:freq_country_man!GP:GP,198,0)) -> FALSE | G63: =IF(ISNA(VLOOKUP(A63,freq_country_woman!A:A:freq_country_woman!GQ:GQ,199,0)),0,VLOOKUP(A63,freq_country_woman!A:A:freq_country_woman!GQ:GQ,199,0)) -> 0 | H63: =IF(ISNA(VLOOKUP(A63,freq_country_man!A:A:freq_country_man!GQ:GQ,199,0)),0,VLOOKUP(A63,freq_country_man!A:A:freq_country_man!GQ:GQ,199,0)) -> 0 | J63: =VLOOKUP(A63,'词频排序表（数据中间处理）'!A:C,3,0) -> 0.379 | K63: =VLOOKUP(A63,'词频排序表（数据中间处理）'!G:I,3,0) -> #N/A | L63: =IF(ISNA(J63),0,J63)-IF(ISNA(K63),0,K63) -> 0.379 | M63: =VLOOKUP(A63,[1]total_freq!$A:$F,6,0) -> 0.431 | N63: =VLOOKUP(A63,[2]total_freq!$A:$F,6,0) -> #N/A | O63: =VLOOKUP(A63,[3]total_freq!$A:$F,6,0) -> 0.002 | P63: =VLOOKUP(A63,[4]total_freq!$A:$F,6,0) -> 0.002 | Q63: =VLOOKUP(A63,[5]total_freq!$A:$F,6,0) -> #N/A | R63: =VLOOKUP(A63,[6]total_freq!$A:$F,6,0) -> #N/A | S63: =VLOOKUP(A63,[7]total_freq!$A:$F,6,0) -> 0.588 | T63: =VLOOKUP(A63,[8]total_freq!$A:$F,6,0) -> #N/A | U63: =VLOOKUP(A63,[9]total_freq!$A:$F,6,0) -> #N/A | V63: =VLOOKUP(A63,[10]total_freq!$A:$F,6,0) -> 0.002
A64: 高颧骨 | B64: 5 | D64: =OR(E64,F64,G64>0.98,H64>0.98,I64) -> FALSE | E64: =IF(ISNA(VLOOKUP(A64,freq_country_woman!A:A:freq_country_woman!GP:GP,198,0)),FALSE,VLOOKUP(A64,freq_country_woman!A:A:freq_country_woman!GP:GP,198,0)) -> FALSE | F64: =IF(ISNA(VLOOKUP(A64,freq_country_man!A:A:freq_country_man!GP:GP,198,0)),FALSE,VLOOKUP(A64,freq_country_man!A:A:freq_country_man!GP:GP,198,0)) -> FALSE | G64: =IF(ISNA(VLOOKUP(A64,freq_country_woman!A:A:freq_country_woman!GQ:GQ,199,0)),0,VLOOKUP(A64,freq_country_woman!A:A:freq_country_woman!GQ:GQ,199,0)) -> 0.010204082 | H64: =IF(ISNA(VLOOKUP(A64,freq_country_man!A:A:freq_country_man!GQ:GQ,199,0)),0,VLOOKUP(A64,freq_country_man!A:A:freq_country_man!GQ:GQ,199,0)) -> 0 | J64: =VLOOKUP(A64,'词频排序表（数据中间处理）'!A:C,3,0) -> 0.379 | K64: =VLOOKUP(A64,'词频排序表（数据中间处理）'!G:I,3,0) -> #N/A | L64: =IF(ISNA(J64),0,J64)-IF(ISNA(K64),0,K64) -> 0.379 | M64: =VLOOKUP(A64,[1]total_freq!$A:$F,6,0) -> #N/A | N64: =VLOOKUP(A64,[2]total_freq!$A:$F,6,0) -> #N/A | O64: =VLOOKUP(A64,[3]total_freq!$A:$F,6,0) -> 0.379 | P64: =VLOOKUP(A64,[4]total_freq!$A:$F,6,0) -> 0.002 | Q64: =VLOOKUP(A64,[5]total_freq!$A:$F,6,0) -> 0.409 | R64: =VLOOKUP(A64,[6]total_freq!$A:$F,6,0) -> 0.394 | S64: =VLOOKUP(A64,[7]total_freq!$A:$F,6,0) -> #N/A | T64: =VLOOKUP(A64,[8]total_freq!$A:$F,6,0) -> #N/A | U64: =VLOOKUP(A64,[9]total_freq!$A:$F,6,0) -> 0.492 | V64: =VLOOKUP(A64,[10]total_freq!$A:$F,6,0) -> #N/A
A65: 持家 | B65: 5 | D65: =OR(E65,F65,G65>0.98,H65>0.98,I65) -> FALSE | E65: =IF(ISNA(VLOOKUP(A65,freq_country_woman!A:A:freq_country_woman!GP:GP,198,0)),FALSE,VLOOKUP(A65,freq_country_woman!A:A:freq_country_woman!GP:GP,198,0)) -> FALSE | F65: =IF(ISNA(VLOOKUP(A65,freq_country_man!A:A:freq_country_man!GP:GP,198,0)),FALSE,VLOOKUP(A65,freq_country_man!A:A:freq_country_man!GP:GP,198,0)) -> FALSE | G65: =IF(ISNA(VLOOKUP(A65,freq_country_woman!A:A:freq_country_woman!GQ:GQ,199,0)),0,VLOOKUP(A65,freq_country_woman!A:A:freq_country_woman!GQ:GQ,199,0)) -> 0 | H65: =IF(ISNA(VLOOKUP(A65,freq_country_man!A:A:freq_country_man!GQ:GQ,199,0)),0,VLOOKUP(A65,freq_country_man!A:A:freq_country_man!GQ:GQ,199,0)) -> 0 | J65: =VLOOKUP(A65,'词频排序表（数据中间处理）'!A:C,3,0) -> 0.379 | K65: =VLOOKUP(A65,'词频排序表（数据中间处理）'!G:I,3,0) -> #N/A | L65: =IF(ISNA(J65),0,J65)-IF(ISNA(K65),0,K65) -> 0.379 | M65: =VLOOKUP(A65,[1]total_freq!$A:$F,6,0) -> #N/A | N65: =VLOOKUP(A65,[2]total_freq!$A:$F,6,0) -> 0.002 | O65: =VLOOKUP(A65,[3]total_freq!$A:$F,6,0) -> 0.533 | P65: =VLOOKUP(A65,[4]total_freq!$A:$F,6,0) -> #N/A | Q65: =VLOOKUP(A65,[5]total_freq!$A:$F,6,0) -> #N/A | R65: =VLOOKUP(A65,[6]total_freq!$A:$F,6,0) -> 0.394 | S65: =VLOOKUP(A65,[7]total_freq!$A:$F,6,0) -> 0.522 | T65: =VLOOKUP(A65,[8]total_freq!$A:$F,6,0) -> #N/A | U65: =VLOOKUP(A65,[9]total_freq!$A:$F,6,0) -> #N/A | V65: =VLOOKUP(A65,[10]total_freq!$A:$F,6,0) -> #N/A
A66: 结合 | B66: 5 | C66: 2 | D66: =OR(E66,F66,G66>0.98,H66>0.98,I66) -> FALSE | E66: =IF(ISNA(VLOOKUP(A66,freq_country_woman!A:A:freq_country_woman!GP:GP,198,0)),FALSE,VLOOKUP(A66,freq_country_woman!A:A:freq_country_woman!GP:GP,198,0)) -> FALSE | F66: =IF(ISNA(VLOOKUP(A66,freq_country_man!A:A:freq_country_man!GP:GP,198,0)),FALSE,VLOOKUP(A66,freq_country_man!A:A:freq_country_man!GP:GP,198,0)) -> FALSE | G66: =IF(ISNA(VLOOKUP(A66,freq_country_woman!A:A:freq_country_woman!GQ:GQ,199,0)),0,VLOOKUP(A66,freq_country_woman!A:A:freq_country_woman!GQ:GQ,199,0)) -> 0 | H66: =IF(ISNA(VLOOKUP(A66,freq_country_man!A:A:freq_country_man!GQ:GQ,199,0)),0,VLOOKUP(A66,freq_country_man!A:A:freq_country_man!GQ:GQ,199,0)) -> 0 | J66: =VLOOKUP(A66,'词频排序表（数据中间处理）'!A:C,3,0) -> 0.379 | K66: =VLOOKUP(A66,'词频排序表（数据中间处理）'!G:I,3,0) -> 0.002 | L66: =IF(ISNA(J66),0,J66)-IF(ISNA(K66),0,K66) -> 0.377 | M66: =VLOOKUP(A66,[1]total_freq!$A:$F,6,0) -> 0 | N66: =VLOOKUP(A66,[2]total_freq!$A:$F,6,0) -> 0 | O66: =VLOOKUP(A66,[3]total_freq!$A:$F,6,0) -> 0.002 | P66: =VLOOKUP(A66,[4]total_freq!$A:$F,6,0) -> 0.411 | Q66: =VLOOKUP(A66,[5]total_freq!$A:$F,6,0) -> #N/A | R66: =VLOOKUP(A66,[6]total_freq!$A:$F,6,0) -> #N/A | S66: =VLOOKUP(A66,[7]total_freq!$A:$F,6,0) -> 0.374 | T66: =VLOOKUP(A66,[8]total_freq!$A:$F,6,0) -> 0 | U66: =VLOOKUP(A66,[9]total_freq!$A:$F,6,0) -> 0.372 | V66: =VLOOKUP(A66,[10]total_freq!$A:$F,6,0) -> #N/A
A67: 热爱生活 | B67: 5 | C67: 2 | D67: =OR(E67,F67,G67>0.98,H67>0.98,I67) -> FALSE | E67: =IF(ISNA(VLOOKUP(A67,freq_country_woman!A:A:freq_country_woman!GP:GP,198,0)),FALSE,VLOOKUP(A67,freq_country_woman!A:A:freq_country_woman!GP:GP,198,0)) -> FALSE | F67: =IF(ISNA(VLOOKUP(A67,freq_country_man!A:A:freq_country_man!GP:GP,198,0)),FALSE,VLOOKUP(A67,freq_country_man!A:A:freq_country_man!GP:GP,198,0)) -> FALSE | G67: =IF(ISNA(VLOOKUP(A67,freq_country_woman!A:A:freq_country_woman!GQ:GQ,199,0)),0,VLOOKUP(A67,freq_country_woman!A:A:freq_country_woman!GQ:GQ,199,0)) -> 0.010204082 | H67: =IF(ISNA(VLOOKUP(A67,freq_country_man!A:A:freq_country_man!GQ:GQ,199,0)),0,VLOOKUP(A67,freq_country_man!A:A:freq_country_man!GQ:GQ,199,0)) -> 0 | J67: =VLOOKUP(A67,'词频排序表（数据中间处理）'!A:C,3,0) -> 0.379 | K67: =VLOOKUP(A67,'词频排序表（数据中间处理）'!G:I,3,0) -> 0.002 | L67: =IF(ISNA(J67),0,J67)-IF(ISNA(K67),0,K67) -> 0.377 | M67: =VLOOKUP(A67,[1]total_freq!$A:$F,6,0) -> #N/A | N67: =VLOOKUP(A67,[2]total_freq!$A:$F,6,0) -> #N/A | O67: =VLOOKUP(A67,[3]total_freq!$A:$F,6,0) -> #N/A | P67: =VLOOKUP(A67,[4]total_freq!$A:$F,6,0) -> 0.002 | Q67: =VLOOKUP(A67,[5]total_freq!$A:$F,6,0) -> 0.603 | R67: =VLOOKUP(A67,[6]total_freq!$A:$F,6,0) -> #N/A | S67: =VLOOKUP(A67,[7]total_freq!$A:$F,6,0) -> #N/A | T67: =VLOOKUP(A67,[8]total_freq!$A:$F,6,0) -> 0.002 | U67: =VLOOKUP(A67,[9]total_freq!$A:$F,6,0) -> 0.573 | V67: =VLOOKUP(A67,[10]total_freq!$A:$F,6,0) -> -0.001
A68: 风格 | B68: 5 | C68: 2 | D68: =OR(E68,F68,G68>0.98,H68>0.98,I68) -> FALSE | E68: =IF(ISNA(VLOOKUP(A68,freq_country_woman!A:A:freq_country_woman!GP:GP,198,0)),FALSE,VLOOKUP(A68,freq_country_woman!A:A:freq_country_woman!GP:GP,198,0)) -> FALSE | F68: =IF(ISNA(VLOOKUP(A68,freq_country_man!A:A:freq_country_man!GP:GP,198,0)),FALSE,VLOOKUP(A68,freq_country_man!A:A:freq_country_man!GP:GP,198,0)) -> FALSE | G68: =IF(ISNA(VLOOKUP(A68,freq_country_woman!A:A:freq_country_woman!GQ:GQ,199,0)),0,VLOOKUP(A68,freq_country_woman!A:A:freq_country_woman!GQ:GQ,199,0)) -> 0 | H68: =IF(ISNA(VLOOKUP(A68,freq_country_man!A:A:freq_country_man!GQ:GQ,199,0)),0,VLOOKUP(A68,freq_country_man!A:A:freq_country_man!GQ:GQ,199,0)) -> 0 | J68: =VLOOKUP(A68,'词频排序表（数据中间处理）'!A:C,3,0) -> 0.379 | K68: =VLOOKUP(A68,'词频排序表（数据中间处理）'!G:I,3,0) -> 0.002 | L68: =IF(ISNA(J68),0,J68)-IF(ISNA(K68),0,K68) -> 0.377 | M68: =VLOOKUP(A68,[1]total_freq!$A:$F,6,0) -> 0.002 | N68: =VLOOKUP(A68,[2]total_freq!$A:$F,6,0) -> 0.002 | O68: =VLOOKUP(A68,[3]total_freq!$A:$F,6,0) -> 0.379 | P68: =VLOOKUP(A68,[4]total_freq!$A:$F,6,0) -> #N/A | Q68: =VLOOKUP(A68,[5]total_freq!$A:$F,6,0) -> 0 | R68: =VLOOKUP(A68,[6]total_freq!$A:$F,6,0) -> 0.002 | S68: =VLOOKUP(A68,[7]total_freq!$A:$F,6,0) -> 0.002 | T68: =VLOOKUP(A68,[8]total_freq!$A:$F,6,0) -> 0.002 | U68: =VLOOKUP(A68,[9]total_freq!$A:$F,6,0) -> 0.002 | V68: =VLOOKUP(A68,[10]total_freq!$A:$F,6,0) -> -0.371
A69: 热带 | B69: 5 | C69: 2 | D69: =OR(E69,F69,G69>0.98,H69>0.98,I69) -> FALSE | E69: =IF(ISNA(VLOOKUP(A69,freq_country_woman!A:A:freq_country_woman!GP:GP,198,0)),FALSE,VLOOKUP(A69,freq_country_woman!A:A:freq_country_woman!GP:GP,198,0)) -> FALSE | F69: =IF(ISNA(VLOOKUP(A69,freq_country_man!A:A:freq_country_man!GP:GP,198,0)),FALSE,VLOOKUP(A69,freq_country_man!A:A:freq_country_man!GP:GP,198,0)) -> FALSE | G69: =IF(ISNA(VLOOKUP(A69,freq_country_woman!A:A:freq_country_woman!GQ:GQ,199,0)),0,VLOOKUP(A69,freq_country_woman!A:A:freq_country_woman!GQ:GQ,199,0)) -> 0.0051020408 | H69: =IF(ISNA(VLOOKUP(A69,freq_country_man!A:A:freq_country_man!GQ:GQ,199,0)),0,VLOOKUP(A69,freq_country_man!A:A:freq_country_man!GQ:GQ,199,0)) -> 0 | J69: =VLOOKUP(A69,'词频排序表（数据中间处理）'!A:C,3,0) -> 0.379 | K69: =VLOOKUP(A69,'词频排序表（数据中间处理）'!G:I,3,0) -> 0.002 | L69: =IF(ISNA(J69),0,J69)-IF(ISNA(K69),0,K69) -> 0.377 | M69: =VLOOKUP(A69,[1]total_freq!$A:$F,6,0) -> -0.002 | N69: =VLOOKUP(A69,[2]total_freq!$A:$F,6,0) -> 0.002 | O69: =VLOOKUP(A69,[3]total_freq!$A:$F,6,0) -> 0.002 | P69: =VLOOKUP(A69,[4]total_freq!$A:$F,6,0) -> #N/A | Q69: =VLOOKUP(A69,[5]total_freq!$A:$F,6,0) -> #N/A | R69: =VLOOKUP(A69,[6]total_freq!$A:$F,6,0) -> #N/A | S69: =VLOOKUP(A69,[7]total_freq!$A:$F,6,0) -> #N/A | T69: =VLOOKUP(A69,[8]total_freq!$A:$F,6,0) -> -0.002 | U69: =VLOOKUP(A69,[9]total_freq!$A:$F,6,0) -> 0.575 | V69: =VLOOKUP(A69,[10]total_freq!$A:$F,6,0) -> 0.001
A70: 保留 | B70: 14 | C70: 4 | D70: =OR(E70,F70,G70>0.98,H70>0.98,I70) -> FALSE | E70: =IF(ISNA(VLOOKUP(A70,freq_country_woman!A:A:freq_country_woman!GP:GP,198,0)),FALSE,VLOOKUP(A70,freq_country_woman!A:A:freq_country_woman!GP:GP,198,0)) -> FALSE | F70: =IF(ISNA(VLOOKUP(A70,freq_country_man!A:A:freq_country_man!GP:GP,198,0)),FALSE,VLOOKUP(A70,freq_country_man!A:A:freq_country_man!GP:GP,198,0)) -> FALSE | G70: =IF(ISNA(VLOOKUP(A70,freq_country_woman!A:A:freq_country_woman!GQ:GQ,199,0)),0,VLOOKUP(A70,freq_country_woman!A:A:freq_country_woman!GQ:GQ,199,0)) -> 0.010204082 | H70: =IF(ISNA(VLOOKUP(A70,freq_country_man!A:A:freq_country_man!GQ:GQ,199,0)),0,VLOOKUP(A70,freq_country_man!A:A:freq_country_man!GQ:GQ,199,0)) -> 0 | J70: =VLOOKUP(A70,'词频排序表（数据中间处理）'!A:C,3,0) -> 0.637 | K70: =VLOOKUP(A70,'词频排序表（数据中间处理）'!G:I,3,0) -> 0.261 | L70: =IF(ISNA(J70),0,J70)-IF(ISNA(K70),0,K70) -> 0.376 | M70: =VLOOKUP(A70,[1]total_freq!$A:$F,6,0) -> 0.002 | N70: =VLOOKUP(A70,[2]total_freq!$A:$F,6,0) -> 0 | O70: =VLOOKUP(A70,[3]total_freq!$A:$F,6,0) -> 0.531 | P70: =VLOOKUP(A70,[4]total_freq!$A:$F,6,0) -> 0.751 | Q70: =VLOOKUP(A70,[5]total_freq!$A:$F,6,0) -> 0.407 | R70: =VLOOKUP(A70,[6]total_freq!$A:$F,6,0) -> 0 | S70: =VLOOKUP(A70,[7]total_freq!$A:$F,6,0) -> 0.687 | T70: =VLOOKUP(A70,[8]total_freq!$A:$F,6,0) -> 0.205 | U70: =VLOOKUP(A70,[9]total_freq!$A:$F,6,0) -> 0.372 | V70: =VLOOKUP(A70,[10]total_freq!$A:$F,6,0) -> #N/A
A71: 包括 | B71: 8 | C71: 3 | D71: =OR(E71,F71,G71>0.98,H71>0.98,I71) -> FALSE | E71: =IF(ISNA(VLOOKUP(A71,freq_country_woman!A:A:freq_country_woman!GP:GP,198,0)),FALSE,VLOOKUP(A71,freq_country_woman!A:A:freq_country_woman!GP:GP,198,0)) -> FALSE | F71: =IF(ISNA(VLOOKUP(A71,freq_country_man!A:A:freq_country_man!GP:GP,198,0)),FALSE,VLOOKUP(A71,freq_country_man!A:A:freq_country_man!GP:GP,198,0)) -> FALSE | G71: =IF(ISNA(VLOOKUP(A71,freq_country_woman!A:A:freq_country_woman!GQ:GQ,199,0)),0,VLOOKUP(A71,freq_country_woman!A:A:freq_country_woman!GQ:GQ,199,0)) -> 0.0051020408 | H71: =IF(ISNA(VLOOKUP(A71,freq_country_man!A:A:freq_country_man!GQ:GQ,199,0)),0,VLOOKUP(A71,freq_country_man!A:A:freq_country_man!GQ:GQ,199,0)) -> 0 | J71: =VLOOKUP(A71,'词频排序表（数据中间处理）'!A:C,3,0) -> 0.503 | K71: =VLOOKUP(A71,'词频排序表（数据中间处理）'!G:I,3,0) -> 0.15 | L71: =IF(ISNA(J71),0,J71)-IF(ISNA(K71),0,K71) -> 0.353 | M71: =VLOOKUP(A71,[1]total_freq!$A:$F,6,0) -> 0.431 | N71: =VLOOKUP(A71,[2]total_freq!$A:$F,6,0) -> 0 | O71: =VLOOKUP(A71,[3]total_freq!$A:$F,6,0) -> 0.204 | P71: =VLOOKUP(A71,[4]total_freq!$A:$F,6,0) -> #N/A | Q71: =VLOOKUP(A71,[5]total_freq!$A:$F,6,0) -> 0.002 | R71: =VLOOKUP(A71,[6]total_freq!$A:$F,6,0) -> 0.002 | S71: =VLOOKUP(A71,[7]total_freq!$A:$F,6,0) -> 0.372 | T71: =VLOOKUP(A71,[8]total_freq!$A:$F,6,0) -> 0.238 | U71: =VLOOKUP(A71,[9]total_freq!$A:$F,6,0) -> #N/A | V71: =VLOOKUP(A71,[10]total_freq!$A:$F,6,0) -> #N/A
A72: 坚强 | B72: 112 | C72: 11 | D72: =OR(E72,F72,G72>0.98,H72>0.98,I72) -> FALSE | E72: =IF(ISNA(VLOOKUP(A72,freq_country_woman!A:A:freq_country_woman!GP:GP,198,0)),FALSE,VLOOKUP(A72,freq_country_woman!A:A:freq_country_woman!GP:GP,198,0)) -> FALSE | F72: =IF(ISNA(VLOOKUP(A72,freq_country_man!A:A:freq_country_man!GP:GP,198,0)),FALSE,VLOOKUP(A72,freq_country_man!A:A:freq_country_man!GP:GP,198,0)) -> FALSE | G72: =IF(ISNA(VLOOKUP(A72,freq_country_woman!A:A:freq_country_woman!GQ:GQ,199,0)),0,VLOOKUP(A72,freq_country_woman!A:A:freq_country_woman!GQ:GQ,199,0)) -> 0.12244898 | H72: =IF(ISNA(VLOOKUP(A72,freq_country_man!A:A:freq_country_man!GQ:GQ,199,0)),0,VLOOKUP(A72,freq_country_man!A:A:freq_country_man!GQ:GQ,199,0)) -> 0.0051020408 | J72: =VLOOKUP(A72,'词频排序表（数据中间处理）'!A:C,3,0) -> 0.94 | K72: =VLOOKUP(A72,'词频排序表（数据中间处理）'!G:I,3,0) -> 0.603 | L72: =IF(ISNA(J72),0,J72)-IF(ISNA(K72),0,K72) -> 0.337 | M72: =VLOOKUP(A72,[1]total_freq!$A:$F,6,0) -> 0.866 | N72: =VLOOKUP(A72,[2]total_freq!$A:$F,6,0) -> 0.535 | O72: =VLOOKUP(A72,[3]total_freq!$A:$F,6,0) -> 0.252 | P72: =VLOOKUP(A72,[4]total_freq!$A:$F,6,0) -> 0.374 | Q72: =VLOOKUP(A72,[5]total_freq!$A:$F,6,0) -> 0.915 | R72: =VLOOKUP(A72,[6]total_freq!$A:$F,6,0) -> 0.589 | S72: =VLOOKUP(A72,[7]total_freq!$A:$F,6,0) -> 0.351 | T72: =VLOOKUP(A72,[8]total_freq!$A:$F,6,0) -> 0.536 | U72: =VLOOKUP(A72,[9]total_freq!$A:$F,6,0) -> 0.342 | V72: =VLOOKUP(A72,[10]total_freq!$A:$F,6,0) -> 0.873
A73: 挑战 | B73: 17 | C73: 5 | D73: =OR(E73,F73,G73>0.98,H73>0.98,I73) -> FALSE | E73: =IF(ISNA(VLOOKUP(A73,freq_country_woman!A:A:freq_country_woman!GP:GP,198,0)),FALSE,VLOOKUP(A73,freq_country_woman!A:A:freq_country_woman!GP:GP,198,0)) -> FALSE | F73: =IF(ISNA(VLOOKUP(A73,freq_country_man!A:A:freq_country_man!GP:GP,198,0)),FALSE,VLOOKUP(A73,freq_country_man!A:A:freq_country_man!GP:GP,198,0)) -> FALSE | G73: =IF(ISNA(VLOOKUP(A73,freq_country_woman!A:A:freq_country_woman!GQ:GQ,199,0)),0,VLOOKUP(A73,freq_country_woman!A:A:freq_country_woman!GQ:GQ,199,0)) -> 0.015306122 | H73: =IF(ISNA(VLOOKUP(A73,freq_country_man!A:A:freq_country_man!GQ:GQ,199,0)),0,VLOOKUP(A73,freq_country_man!A:A:freq_country_man!GQ:GQ,199,0)) -> 0.0051020408 | J73: =VLOOKUP(A73,'词频排序表（数据中间处理）'!A:C,3,0) -> 0.684 | K73: =VLOOKUP(A73,'词频排序表（数据中间处理）'!G:I,3,0) -> 0.362 | L73: =IF(ISNA(J73),0,J73)-IF(ISNA(K73),0,K73) -> 0.322 | M73: =VLOOKUP(A73,[1]total_freq!$A:$F,6,0) -> 0.155 | N73: =VLOOKUP(A73,[2]total_freq!$A:$F,6,0) -> 0.564 | O73: =VLOOKUP(A73,[3]total_freq!$A:$F,6,0) -> 0.377 | P73: =VLOOKUP(A73,[4]total_freq!$A:$F,6,0) -> 0.644 | Q73: =VLOOKUP(A73,[5]total_freq!$A:$F,6,0) -> 0.53 | R73: =VLOOKUP(A73,[6]total_freq!$A:$F,6,0) -> 0.195 | S73: =VLOOKUP(A73,[7]total_freq!$A:$F,6,0) -> 0.52 | T73: =VLOOKUP(A73,[8]total_freq!$A:$F,6,0) -> 0.612 | U73: =VLOOKUP(A73,[9]total_freq!$A:$F,6,0) -> #N/A | V73: =VLOOKUP(A73,[10]total_freq!$A:$F,6,0) -> 0.002
A74: 表现出色 | B74: 17 | C74: 5 | D74: =OR(E74,F74,G74>0.98,H74>0.98,I74) -> FALSE | E74: =IF(ISNA(VLOOKUP(A74,freq_country_woman!A:A:freq_country_woman!GP:GP,198,0)),FALSE,VLOOKUP(A74,freq_country_woman!A:A:freq_country_woman!GP:GP,198,0)) -> FALSE | F74: =IF(ISNA(VLOOKUP(A74,freq_country_man!A:A:freq_country_man!GP:GP,198,0)),FALSE,VLOOKUP(A74,freq_country_man!A:A:freq_country_man!GP:GP,198,0)) -> FALSE | G74: =IF(ISNA(VLOOKUP(A74,freq_country_woman!A:A:freq_country_woman!GQ:GQ,199,0)),0,VLOOKUP(A74,freq_country_woman!A:A:freq_country_woman!GQ:GQ,199,0)) -> 0.0051020408 | H74: =IF(ISNA(VLOOKUP(A74,freq_country_man!A:A:freq_country_man!GQ:GQ,199,0)),0,VLOOKUP(A74,freq_country_man!A:A:freq_country_man!GQ:GQ,199,0)) -> 0.0051020408 | J74: =VLOOKUP(A74,'词频排序表（数据中间处理）'!A:C,3,0) -> 0.684 | K74: =VLOOKUP(A74,'词频排序表（数据中间处理）'!G:I,3,0) -> 0.362 | L74: =IF(ISNA(J74),0,J74)-IF(ISNA(K74),0,K74) -> 0.322 | M74: =VLOOKUP(A74,[1]total_freq!$A:$F,6,0) -> #N/A | N74: =VLOOKUP(A74,[2]total_freq!$A:$F,6,0) -> 0.426 | O74: =VLOOKUP(A74,[3]total_freq!$A:$F,6,0) -> -0.188 | P74: =VLOOKUP(A74,[4]total_freq!$A:$F,6,0) -> 0.411 | Q74: =VLOOKUP(A74,[5]total_freq!$A:$F,6,0) -> 0.464 | R74: =VLOOKUP(A74,[6]total_freq!$A:$F,6,0) -> 0.394 | S74: =VLOOKUP(A74,[7]total_freq!$A:$F,6,0) -> -0.002 | T74: =VLOOKUP(A74,[8]total_freq!$A:$F,6,0) -> 0.002 | U74: =VLOOKUP(A74,[9]total_freq!$A:$F,6,0) -> 0.573 | V74: =VLOOKUP(A74,[10]total_freq!$A:$F,6,0) -> 0.278
A75: 优雅 | B75: 47 | C75: 8 | D75: =OR(E75,F75,G75>0.98,H75>0.98,I75) -> FALSE | E75: =IF(ISNA(VLOOKUP(A75,freq_country_woman!A:A:freq_country_woman!GP:GP,198,0)),FALSE,VLOOKUP(A75,freq_country_woman!A:A:freq_country_woman!GP:GP,198,0)) -> FALSE | F75: =IF(ISNA(VLOOKUP(A75,freq_country_man!A:A:freq_country_man!GP:GP,198,0)),FALSE,VLOOKUP(A75,freq_country_man!A:A:freq_country_man!GP:GP,198,0)) -> FALSE | G75: =IF(ISNA(VLOOKUP(A75,freq_country_woman!A:A:freq_country_woman!GQ:GQ,199,0)),0,VLOOKUP(A75,freq_country_woman!A:A:freq_country_woman!GQ:GQ,199,0)) -> 0.045918367 | H75: =IF(ISNA(VLOOKUP(A75,freq_country_man!A:A:freq_country_man!GQ:GQ,199,0)),0,VLOOKUP(A75,freq_country_man!A:A:freq_country_man!GQ:GQ,199,0)) -> 0.010204082 | J75: =VLOOKUP(A75,'词频排序表（数据中间处理）'!A:C,3,0) -> 0.847 | K75: =VLOOKUP(A75,'词频排序表（数据中间处理）'!G:I,3,0) -> 0.526 | L75: =IF(ISNA(J75),0,J75)-IF(ISNA(K75),0,K75) -> 0.321 | M75: =VLOOKUP(A75,[1]total_freq!$A:$F,6,0) -> #N/A | N75: =VLOOKUP(A75,[2]total_freq!$A:$F,6,0) -> 0.002 | O75: =VLOOKUP(A75,[3]total_freq!$A:$F,6,0) -> 0.693 | P75: =VLOOKUP(A75,[4]total_freq!$A:$F,6,0) -> 0.582 | Q75: =VLOOKUP(A75,[5]total_freq!$A:$F,6,0) -> 0.544 | R75: =VLOOKUP(A75,[6]total_freq!$A:$F,6,0) -> 0.394 | S75: =VLOOKUP(A75,[7]total_freq!$A:$F,6,0) -> 0.522 | T75: =VLOOKUP(A75,[8]total_freq!$A:$F,6,0) -> 0.538 | U75: =VLOOKUP(A75,[9]total_freq!$A:$F,6,0) -> 0.763 | V75: =VLOOKUP(A75,[10]total_freq!$A:$F,6,0) -> 0.18
A76: 头发 | B76: 7 | C76: 3 | D76: =OR(E76,F76,G76>0.98,H76>0.98,I76) -> FALSE | E76: =IF(ISNA(VLOOKUP(A76,freq_country_woman!A:A:freq_country_woman!GP:GP,198,0)),FALSE,VLOOKUP(A76,freq_country_woman!A:A:freq_country_woman!GP:GP,198,0)) -> FALSE | F76: =IF(ISNA(VLOOKUP(A76,freq_country_man!A:A:freq_country_man!GP:GP,198,0)),FALSE,VLOOKUP(A76,freq_country_man!A:A:freq_country_man!GP:GP,198,0)) -> FALSE | G76: =IF(ISNA(VLOOKUP(A76,freq_country_woman!A:A:freq_country_woman!GQ:GQ,199,0)),0,VLOOKUP(A76,freq_country_woman!A:A:freq_country_woman!GQ:GQ,199,0)) -> 0 | H76: =IF(ISNA(VLOOKUP(A76,freq_country_man!A:A:freq_country_man!GQ:GQ,199,0)),0,VLOOKUP(A76,freq_country_man!A:A:freq_country_man!GQ:GQ,199,0)) -> 0 | J76: =VLOOKUP(A76,'词频排序表（数据中间处理）'!A:C,3,0) -> 0.463 | K76: =VLOOKUP(A76,'词频排序表（数据中间处理）'!G:I,3,0) -> 0.15 | L76: =IF(ISNA(J76),0,J76)-IF(ISNA(K76),0,K76) -> 0.313 | M76: =VLOOKUP(A76,[1]total_freq!$A:$F,6,0) -> 0.002 | N76: =VLOOKUP(A76,[2]total_freq!$A:$F,6,0) -> 0.002 | O76: =VLOOKUP(A76,[3]total_freq!$A:$F,6,0) -> -0.002 | P76: =VLOOKUP(A76,[4]total_freq!$A:$F,6,0) -> 0.58 | Q76: =VLOOKUP(A76,[5]total_freq!$A:$F,6,0) -> 0.002 | R76: =VLOOKUP(A76,[6]total_freq!$A:$F,6,0) -> 0.002 | S76: =VLOOKUP(A76,[7]total_freq!$A:$F,6,0) -> -0.394 | T76: =VLOOKUP(A76,[8]total_freq!$A:$F,6,0) -> 0.536 | U76: =VLOOKUP(A76,[9]total_freq!$A:$F,6,0) -> 0.492 | V76: =VLOOKUP(A76,[10]total_freq!$A:$F,6,0) -> #N/A
A77: 成就 | B77: 11 | C77: 4 | D77: =OR(E77,F77,G77>0.98,H77>0.98,I77) -> FALSE | E77: =IF(ISNA(VLOOKUP(A77,freq_country_woman!A:A:freq_country_woman!GP:GP,198,0)),FALSE,VLOOKUP(A77,freq_country_woman!A:A:freq_country_woman!GP:GP,198,0)) -> FALSE | F77: =IF(ISNA(VLOOKUP(A77,freq_country_man!A:A:freq_country_man!GP:GP,198,0)),FALSE,VLOOKUP(A77,freq_country_man!A:A:freq_country_man!GP:GP,198,0)) -> FALSE | G77: =IF(ISNA(VLOOKUP(A77,freq_country_woman!A:A:freq_country_woman!GQ:GQ,199,0)),0,VLOOKUP(A77,freq_country_woman!A:A:freq_country_woman!GQ:GQ,199,0)) -> 0.0051020408 | H77: =IF(ISNA(VLOOKUP(A77,freq_country_man!A:A:freq_country_man!GQ:GQ,199,0)),0,VLOOKUP(A77,freq_country_man!A:A:freq_country_man!GQ:GQ,199,0)) -> 0.0051020408 | J77: =VLOOKUP(A77,'词频排序表（数据中间处理）'!A:C,3,0) -> 0.573 | K77: =VLOOKUP(A77,'词频排序表（数据中间处理）'!G:I,3,0) -> 0.261 | L77: =IF(ISNA(J77),0,J77)-IF(ISNA(K77),0,K77) -> 0.312 | M77: =VLOOKUP(A77,[1]total_freq!$A:$F,6,0) -> 0.431 | N77: =VLOOKUP(A77,[2]total_freq!$A:$F,6,0) -> 0.426 | O77: =VLOOKUP(A77,[3]total_freq!$A:$F,6,0) -> -0.117 | P77: =VLOOKUP(A77,[4]total_freq!$A:$F,6,0) -> 0.002 | Q77: =VLOOKUP(A77,[5]total_freq!$A:$F,6,0) -> 0.002 | R77: =VLOOKUP(A77,[6]total_freq!$A:$F,6,0) -> #N/A | S77: =VLOOKUP(A77,[7]total_freq!$A:$F,6,0) -> 0.588 | T77: =VLOOKUP(A77,[8]total_freq!$A:$F,6,0) -> 0.002 | U77: =VLOOKUP(A77,[9]total_freq!$A:$F,6,0) -> #N/A | V77: =VLOOKUP(A77,[10]total_freq!$A:$F,6,0) -> 0.053
... A80: 承担 | B80: 66 | C80: 11 | D80: =OR(E80,F80,G80>0.98,H80>0.98,I80) -> FALSE | E80: =IF(ISNA(VLOOKUP(A80,freq_country_woman!A:A:freq_country_woman!GP:GP,198,0)),FALSE,VLOOKUP(A80,freq_country_woman!A:A:freq_country_woman!GP:GP,198,0)) -> FALSE | F80: =IF(ISNA(VLOOKUP(A80,freq_country_man!A:A:freq_country_man!GP:GP,198,0)),FALSE,VLOOKUP(A80,freq_country_man!A:A:freq_country_man!GP:GP,198,0)) -> FALSE | G80: =IF(ISNA(VLOOKUP(A80,freq_country_woman!A:A:freq_country_woman!GQ:GQ,199,0)),0,VLOOKUP(A80,freq_country_woman!A:A:freq_country_woman!GQ:GQ,199,0)) -> 0.081632653 | H80: =IF(ISNA(VLOOKUP(A80,freq_country_man!A:A:freq_country_man!GQ:GQ,199,0)),0,VLOOKUP(A80,freq_country_man!A:A:freq_country_man!GQ:GQ,199,0)) -> 0.0051020408 | J80: =VLOOKUP(A80,'词频排序表（数据中间处理）'!A:C,3,0) -> 0.9 | K80: =VLOOKUP(A80,'词频排序表（数据中间处理）'!G:I,3,0) -> 0.603 | L80: =IF(ISNA(J80),0,J80)-IF(ISNA(K80),0,K80) -> 0.297 | M80: =VLOOKUP(A80,[1]total_freq!$A:$F,6,0) -> 0.554 | N80: =VLOOKUP(A80,[2]total_freq!$A:$F,6,0) -> 0.311 | O80: =VLOOKUP(A80,[3]total_freq!$A:$F,6,0) -> 0.913 | P80: =VLOOKUP(A80,[4]total_freq!$A:$F,6,0) -> 0.254 | Q80: =VLOOKUP(A80,[5]total_freq!$A:$F,6,0) -> 0.407 | R80: =VLOOKUP(A80,[6]total_freq!$A:$F,6,0) -> 0.318 | S80: =VLOOKUP(A80,[7]total_freq!$A:$F,6,0) -> 0.509 | T80: =VLOOKUP(A80,[8]total_freq!$A:$F,6,0) -> 0.071 | U80: =VLOOKUP(A80,[9]total_freq!$A:$F,6,0) -> 0.374 | V80: =VLOOKUP(A80,[10]total_freq!$A:$F,6,0) -> 0.002
A81: 亚洲 | B81: 4 | D81: =OR(E81,F81,G81>0.98,H81>0.98,I81) -> FALSE | E81: =IF(ISNA(VLOOKUP(A81,freq_country_woman!A:A:freq_country_woman!GP:GP,198,0)),FALSE,VLOOKUP(A81,freq_country_woman!A:A:freq_country_woman!GP:GP,198,0)) -> FALSE | F81: =IF(ISNA(VLOOKUP(A81,freq_country_man!A:A:freq_country_man!GP:GP,198,0)),FALSE,VLOOKUP(A81,freq_country_man!A:A:freq_country_man!GP:GP,198,0)) -> FALSE | G81: =IF(ISNA(VLOOKUP(A81,freq_country_woman!A:A:freq_country_woman!GQ:GQ,199,0)),0,VLOOKUP(A81,freq_country_woman!A:A:freq_country_woman!GQ:GQ,199,0)) -> 0.0051020408 | H81: =IF(ISNA(VLOOKUP(A81,freq_country_man!A:A:freq_country_man!GQ:GQ,199,0)),0,VLOOKUP(A81,freq_country_man!A:A:freq_country_man!GQ:GQ,199,0)) -> 0 | J81: =VLOOKUP(A81,'词频排序表（数据中间处理）'!A:C,3,0) -> 0.291 | K81: =VLOOKUP(A81,'词频排序表（数据中间处理）'!G:I,3,0) -> #N/A | L81: =IF(ISNA(J81),0,J81)-IF(ISNA(K81),0,K81) -> 0.291 | M81: =VLOOKUP(A81,[1]total_freq!$A:$F,6,0) -> #N/A | N81: =VLOOKUP(A81,[2]total_freq!$A:$F,6,0) -> 0.637 | O81: =VLOOKUP(A81,[3]total_freq!$A:$F,6,0) -> #N/A | P81: =VLOOKUP(A81,[4]total_freq!$A:$F,6,0) -> #N/A | Q81: =VLOOKUP(A81,[5]total_freq!$A:$F,6,0) -> #N/A | R81: =VLOOKUP(A81,[6]total_freq!$A:$F,6,0) -> 0.394 | S81: =VLOOKUP(A81,[7]total_freq!$A:$F,6,0) -> #N/A | T81: =VLOOKUP(A81,[8]total_freq!$A:$F,6,0) -> #N/A | U81: =VLOOKUP(A81,[9]total_freq!$A:$F,6,0) -> 0.374 | V81: =VLOOKUP(A81,[10]total_freq!$A:$F,6,0) -> #N/A
A82: 双重 | B82: 4 | D82: =OR(E82,F82,G82>0.98,H82>0.98,I82) -> FALSE | E82: =IF(ISNA(VLOOKUP(A82,freq_country_woman!A:A:freq_country_woman!GP:GP,198,0)),FALSE,VLOOKUP(A82,freq_country_woman!A:A:freq_country_woman!GP:GP,198,0)) -> FALSE | F82: =IF(ISNA(VLOOKUP(A82,freq_country_man!A:A:freq_country_man!GP:GP,198,0)),FALSE,VLOOKUP(A82,freq_country_man!A:A:freq_country_man!GP:GP,198,0)) -> FALSE | G82: =IF(ISNA(VLOOKUP(A82,freq_country_woman!A:A:freq_country_woman!GQ:GQ,199,0)),0,VLOOKUP(A82,freq_country_woman!A:A:freq_country_woman!GQ:GQ,199,0)) -> 0.0051020408 | H82: =IF(ISNA(VLOOKUP(A82,freq_country_man!A:A:freq_country_man!GQ:GQ,199,0)),0,VLOOKUP(A82,freq_country_man!A:A:freq_country_man!GQ:GQ,199,0)) -> 0 | J82: =VLOOKUP(A82,'词频排序表（数据中间处理）'!A:C,3,0) -> 0.291 | K82: =VLOOKUP(A82,'词频排序表（数据中间处理）'!G:I,3,0) -> #N/A | L82: =IF(ISNA(J82),0,J82)-IF(ISNA(K82),0,K82) -> 0.291 | M82: =VLOOKUP(A82,[1]total_freq!$A:$F,6,0) -> #N/A | N82: =VLOOKUP(A82,[2]total_freq!$A:$F,6,0) -> 0.002 | O82: =VLOOKUP(A82,[3]total_freq!$A:$F,6,0) -> 0.379 | P82: =VLOOKUP(A82,[4]total_freq!$A:$F,6,0) -> 0.002 | Q82: =VLOOKUP(A82,[5]total_freq!$A:$F,6,0) -> #N/A | R82: =VLOOKUP(A82,[6]total_freq!$A:$F,6,0) -> 0.394 | S82: =VLOOKUP(A82,[7]total_freq!$A:$F,6,0) -> 0.002 | T82: =VLOOKUP(A82,[8]total_freq!$A:$F,6,0) -> 0.002 | U82: =VLOOKUP(A82,[9]total_freq!$A:$F,6,0) -> #N/A | V82: =VLOOKUP(A82,[10]total_freq!$A:$F,6,0) -> #N/A
A83: 规定 | B83: 4 | D83: =OR(E83,F83,G83>0.98,H83>0.98,I83) -> FALSE | E83: =IF(ISNA(VLOOKUP(A83,freq_country_woman!A:A:freq_country_woman!GP:GP,198,0)),FALSE,VLOOKUP(A83,freq_country_woman!A:A:freq_country_woman!GP:GP,198,0)) -> FALSE | F83: =IF(ISNA(VLOOKUP(A83,freq_country_man!A:A:freq_country_man!GP:GP,198,0)),FALSE,VLOOKUP(A83,freq_country_man!A:A:freq_country_man!GP:GP,198,0)) -> FALSE | G83: =IF(ISNA(VLOOKUP(A83,freq_country_woman!A:A:freq_country_woman!GQ:GQ,199,0)),0,VLOOKUP(A83,freq_country_woman!A:A:freq_country_woman!GQ:GQ,199,0)) -> 0.010204082 | H83: =IF(ISNA(VLOOKUP(A83,freq_country_man!A:A:freq_country_man!GQ:GQ,199,0)),0,VLOOKUP(A83,freq_country_man!A:A:freq_country_man!GQ:GQ,199,0)) -> 0 | J83: =VLOOKUP(A83,'词频排序表（数据中间处理）'!A:C,3,0) -> 0.291 | K83: =VLOOKUP(A83,'词频排序表（数据中间处理）'!G:I,3,0) -> #N/A | L83: =IF(ISNA(J83),0,J83)-IF(ISNA(K83),0,K83) -> 0.291 | M83: =VLOOKUP(A83,[1]total_freq!$A:$F,6,0) -> 0.431 | N83: =VLOOKUP(A83,[2]total_freq!$A:$F,6,0) -> 0.426 | O83: =VLOOKUP(A83,[3]total_freq!$A:$F,6,0) -> #N/A | P83: =VLOOKUP(A83,[4]total_freq!$A:$F,6,0) -> #N/A | Q83: =VLOOKUP(A83,[5]total_freq!$A:$F,6,0) -> #N/A | R83: =VLOOKUP(A83,[6]total_freq!$A:$F,6,0) -> #N/A | S83: =VLOOKUP(A83,[7]total_freq!$A:$F,6,0) -> 0.374 | T83: =VLOOKUP(A83,[8]total_freq!$A:$F,6,0) -> #N/A | U83: =VLOOKUP(A83,[9]total_freq!$A:$F,6,0) -> 0.374 | V83: =VLOOKUP(A83,[10]total_freq!$A:$F,6,0) -> #N/A
A84: 参与者 | B84: 4 | D84: =OR(E84,F84,G84>0.98,H84>0.98,I84) -> FALSE | E84: =IF(ISNA(VLOOKUP(A84,freq_country_woman!A:A:freq_country_woman!GP:GP,198,0)),FALSE,VLOOKUP(A84,freq_country_woman!A:A:freq_country_woman!GP:GP,198,0)) -> FALSE | F84: =IF(ISNA(VLOOKUP(A84,freq_country_man!A:A:freq_country_man!GP:GP,198,0)),FALSE,VLOOKUP(A84,freq_country_man!A:A:freq_country_man!GP:GP,198,0)) -> FALSE | G84: =IF(ISNA(VLOOKUP(A84,freq_country_woman!A:A:freq_country_woman!GQ:GQ,199,0)),0,VLOOKUP(A84,freq_country_woman!A:A:freq_country_woman!GQ:GQ,199,0)) -> 0.0051020408 | H84: =IF(ISNA(VLOOKUP(A84,freq_country_man!A:A:freq_country_man!GQ:GQ,199,0)),0,VLOOKUP(A84,freq_country_man!A:A:freq_country_man!GQ:GQ,199,0)) -> 0 | J84: =VLOOKUP(A84,'词频排序表（数据中间处理）'!A:C,3,0) -> 0.291 | K84: =VLOOKUP(A84,'词频排序表（数据中间处理）'!G:I,3,0) -> #N/A | L84: =IF(ISNA(J84),0,J84)-IF(ISNA(K84),0,K84) -> 0.291 | M84: =VLOOKUP(A84,[1]total_freq!$A:$F,6,0) -> 0.002 | N84: =VLOOKUP(A84,[2]total_freq!$A:$F,6,0) -> 0.426 | O84: =VLOOKUP(A84,[3]total_freq!$A:$F,6,0) -> #N/A | P84: =VLOOKUP(A84,[4]total_freq!$A:$F,6,0) -> #N/A | Q84: =VLOOKUP(A84,[5]total_freq!$A:$F,6,0) -> 0.002 | R84: =VLOOKUP(A84,[6]total_freq!$A:$F,6,0) -> #N/A | S84: =VLOOKUP(A84,[7]total_freq!$A:$F,6,0) -> 0.522 | T84: =VLOOKUP(A84,[8]total_freq!$A:$F,6,0) -> 0.002 | U84: =VLOOKUP(A84,[9]total_freq!$A:$F,6,0) -> #N/A | V84: =VLOOKUP(A84,[10]total_freq!$A:$F,6,0) -> #N/A
A85: 佩戴 | B85: 4 | D85: =OR(E85,F85,G85>0.98,H85>0.98,I85) -> FALSE | E85: =IF(ISNA(VLOOKUP(A85,freq_country_woman!A:A:freq_country_woman!GP:GP,198,0)),FALSE,VLOOKUP(A85,freq_country_woman!A:A:freq_country_woman!GP:GP,198,0)) -> FALSE | F85: =IF(ISNA(VLOOKUP(A85,freq_country_man!A:A:freq_country_man!GP:GP,198,0)),FALSE,VLOOKUP(A85,freq_country_man!A:A:freq_country_man!GP:GP,198,0)) -> FALSE | G85: =IF(ISNA(VLOOKUP(A85,freq_country_woman!A:A:freq_country_woman!GQ:GQ,199,0)),0,VLOOKUP(A85,freq_country_woman!A:A:freq_country_woman!GQ:GQ,199,0)) -> 0.010204082 | H85: =IF(ISNA(VLOOKUP(A85,freq_country_man!A:A:freq_country_man!GQ:GQ,199,0)),0,VLOOKUP(A85,freq_country_man!A:A:freq_country_man!GQ:GQ,199,0)) -> 0 | J85: =VLOOKUP(A85,'词频排序表（数据中间处理）'!A:C,3,0) -> 0.291 | K85: =VLOOKUP(A85,'词频排序表（数据中间处理）'!G:I,3,0) -> #N/A | L85: =IF(ISNA(J85),0,J85)-IF(ISNA(K85),0,K85) -> 0.291 | M85: =VLOOKUP(A85,[1]total_freq!$A:$F,6,0) -> 0.62 | N85: =VLOOKUP(A85,[2]total_freq!$A:$F,6,0) -> #N/A | O85: =VLOOKUP(A85,[3]total_freq!$A:$F,6,0) -> #N/A | P85: =VLOOKUP(A85,[4]total_freq!$A:$F,6,0) -> #N/A | Q85: =VLOOKUP(A85,[5]total_freq!$A:$F,6,0) -> #N/A | R85: =VLOOKUP(A85,[6]total_freq!$A:$F,6,0) -> #N/A | S85: =VLOOKUP(A85,[7]total_freq!$A:$F,6,0) -> 0.374 | T85: =VLOOKUP(A85,[8]total_freq!$A:$F,6,0) -> #N/A | U85: =VLOOKUP(A85,[9]total_freq!$A:$F,6,0) -> 0.374 | V85: =VLOOKUP(A85,[10]total_freq!$A:$F,6,0) -> #N/A
A86: 贡献 | B86: 4 | D86: =OR(E86,F86,G86>0.98,H86>0.98,I86) -> FALSE | E86: =IF(ISNA(VLOOKUP(A86,freq_country_woman!A:A:freq_country_woman!GP:GP,198,0)),FALSE,VLOOKUP(A86,freq_country_woman!A:A:freq_country_woman!GP:GP,198,0)) -> FALSE | F86: =IF(ISNA(VLOOKUP(A86,freq_country_man!A:A:freq_country_man!GP:GP,198,0)),FALSE,VLOOKUP(A86,freq_country_man!A:A:freq_country_man!GP:GP,198,0)) -> FALSE | G86: =IF(ISNA(VLOOKUP(A86,freq_country_woman!A:A:freq_country_woman!GQ:GQ,199,0)),0,VLOOKUP(A86,freq_country_woman!A:A:freq_country_woman!GQ:GQ,199,0)) -> 0 | H86: =IF(ISNA(VLOOKUP(A86,freq_country_man!A:A:freq_country_man!GQ:GQ,199,0)),0,VLOOKUP(A86,freq_country_man!A:A:freq_country_man!GQ:GQ,199,0)) -> 0 | J86: =VLOOKUP(A86,'词频排序表（数据中间处理）'!A:C,3,0) -> 0.291 | K86: =VLOOKUP(A86,'词频排序表（数据中间处理）'!G:I,3,0) -> #N/A | L86: =IF(ISNA(J86),0,J86)-IF(ISNA(K86),0,K86) -> 0.291 | M86: =VLOOKUP(A86,[1]total_freq!$A:$F,6,0) -> #N/A | N86: =VLOOKUP(A86,[2]total_freq!$A:$F,6,0) -> #N/A | O86: =VLOOKUP(A86,[3]total_freq!$A:$F,6,0) -> #N/A | P86: =VLOOKUP(A86,[4]total_freq!$A:$F,6,0) -> 0.002 | Q86: =VLOOKUP(A86,[5]total_freq!$A:$F,6,0) -> 0.409 | R86: =VLOOKUP(A86,[6]total_freq!$A:$F,6,0) -> #N/A | S86: =VLOOKUP(A86,[7]total_freq!$A:$F,6,0) -> #N/A | T86: =VLOOKUP(A86,[8]total_freq!$A:$F,6,0) -> 0.002 | U86: =VLOOKUP(A86,[9]total_freq!$A:$F,6,0) -> #N/A | V86: =VLOOKUP(A86,[10]total_freq!$A:$F,6,0) -> 0.513
A87: 一个多元 | B87: 4 | D87: =OR(E87,F87,G87>0.98,H87>0.98,I87) -> FALSE | E87: =IF(ISNA(VLOOKUP(A87,freq_country_woman!A:A:freq_country_woman!GP:GP,198,0)),FALSE,VLOOKUP(A87,freq_country_woman!A:A:freq_country_woman!GP:GP,198,0)) -> FALSE | F87: =IF(ISNA(VLOOKUP(A87,freq_country_man!A:A:freq_country_man!GP:GP,198,0)),FALSE,VLOOKUP(A87,freq_country_man!A:A:freq_country_man!GP:GP,198,0)) -> FALSE | G87: =IF(ISNA(VLOOKUP(A87,freq_country_woman!A:A:freq_country_woman!GQ:GQ,199,0)),0,VLOOKUP(A87,freq_country_woman!A:A:freq_country_woman!GQ:GQ,199,0)) -> 0 | H87: =IF(ISNA(VLOOKUP(A87,freq_country_man!A:A:freq_country_man!GQ:GQ,199,0)),0,VLOOKUP(A87,freq_country_man!A:A:freq_country_man!GQ:GQ,199,0)) -> 0 | J87: =VLOOKUP(A87,'词频排序表（数据中间处理）'!A:C,3,0) -> 0.291 | K87: =VLOOKUP(A87,'词频排序表（数据中间处理）'!G:I,3,0) -> #N/A | L87: =IF(ISNA(J87),0,J87)-IF(ISNA(K87),0,K87) -> 0.291 | M87: =VLOOKUP(A87,[1]total_freq!$A:$F,6,0) -> #N/A | N87: =VLOOKUP(A87,[2]total_freq!$A:$F,6,0) -> 0.002 | O87: =VLOOKUP(A87,[3]total_freq!$A:$F,6,0) -> #N/A | P87: =VLOOKUP(A87,[4]total_freq!$A:$F,6,0) -> 0.002 | Q87: =VLOOKUP(A87,[5]total_freq!$A:$F,6,0) -> 0.002 | R87: =VLOOKUP(A87,[6]total_freq!$A:$F,6,0) -> #N/A | S87: =VLOOKUP(A87,[7]total_freq!$A:$F,6,0) -> #N/A | T87: =VLOOKUP(A87,[8]total_freq!$A:$F,6,0) -> 0.393 | U87: =VLOOKUP(A87,[9]total_freq!$A:$F,6,0) -> 0.002 | V87: =VLOOKUP(A87,[10]total_freq!$A:$F,6,0) -> 0.002
A88: 上在 | B88: 4 | D88: =OR(E88,F88,G88>0.98,H88>0.98,I88) -> FALSE | E88: =IF(ISNA(VLOOKUP(A88,freq_country_woman!A:A:freq_country_woman!GP:GP,198,0)),FALSE,VLOOKUP(A88,freq_country_woman!A:A:freq_country_woman!GP:GP,198,0)) -> FALSE | F88: =IF(ISNA(VLOOKUP(A88,freq_country_man!A:A:freq_country_man!GP:GP,198,0)),FALSE,VLOOKUP(A88,freq_country_man!A:A:freq_country_man!GP:GP,198,0)) -> FALSE | G88: =IF(ISNA(VLOOKUP(A88,freq_country_woman!A:A:freq_country_woman!GQ:GQ,199,0)),0,VLOOKUP(A88,freq_country_woman!A:A:freq_country_woman!GQ:GQ,199,0)) -> 0 | H88: =IF(ISNA(VLOOKUP(A88,freq_country_man!A:A:freq_country_man!GQ:GQ,199,0)),0,VLOOKUP(A88,freq_country_man!A:A:freq_country_man!GQ:GQ,199,0)) -> 0 | J88: =VLOOKUP(A88,'词频排序表（数据中间处理）'!A:C,3,0) -> 0.291 | K88: =VLOOKUP(A88,'词频排序表（数据中间处理）'!G:I,3,0) -> #N/A | L88: =IF(ISNA(J88),0,J88)-IF(ISNA(K88),0,K88) -> 0.291 | M88: =VLOOKUP(A88,[1]total_freq!$A:$F,6,0) -> 0.556 | N88: =VLOOKUP(A88,[2]total_freq!$A:$F,6,0) -> #N/A | O88: =VLOOKUP(A88,[3]total_freq!$A:$F,6,0) -> #N/A | P88: =VLOOKUP(A88,[4]total_freq!$A:$F,6,0) -> 0.002 | Q88: =VLOOKUP(A88,[5]total_freq!$A:$F,6,0) -> #N/A | R88: =VLOOKUP(A88,[6]total_freq!$A:$F,6,0) -> 0.529 | S88: =VLOOKUP(A88,[7]total_freq!$A:$F,6,0) -> #N/A | T88: =VLOOKUP(A88,[8]total_freq!$A:$F,6,0) -> 0.002 | U88: =VLOOKUP(A88,[9]total_freq!$A:$F,6,0) -> #N/A | V88: =VLOOKUP(A88,[10]total_freq!$A:$F,6,0) -> #N/A
A89: 公共 | B89: 4 | D89: =OR(E89,F89,G89>0.98,H89>0.98,I89) -> FALSE | E89: =IF(ISNA(VLOOKUP(A89,freq_country_woman!A:A:freq_country_woman!GP:GP,198,0)),FALSE,VLOOKUP(A89,freq_country_woman!A:A:freq_country_woman!GP:GP,198,0)) -> FALSE | F89: =IF(ISNA(VLOOKUP(A89,freq_country_man!A:A:freq_country_man!GP:GP,198,0)),FALSE,VLOOKUP(A89,freq_country_man!A:A:freq_country_man!GP:GP,198,0)) -> FALSE | G89: =IF(ISNA(VLOOKUP(A89,freq_country_woman!A:A:freq_country_woman!GQ:GQ,199,0)),0,VLOOKUP(A89,freq_country_woman!A:A:freq_country_woman!GQ:GQ,199,0)) -> 0 | H89: =IF(ISNA(VLOOKUP(A89,freq_country_man!A:A:freq_country_man!GQ:GQ,199,0)),0,VLOOKUP(A89,freq_country_man!A:A:freq_country_man!GQ:GQ,199,0)) -> 0 | J89: =VLOOKUP(A89,'词频排序表（数据中间处理）'!A:C,3,0) -> 0.291 | K89: =VLOOKUP(A89,'词频排序表（数据中间处理）'!G:I,3,0) -> #N/A | L89: =IF(ISNA(J89),0,J89)-IF(ISNA(K89),0,K89) -> 0.291 | M89: =VLOOKUP(A89,[1]total_freq!$A:$F,6,0) -> 0.431 | N89: =VLOOKUP(A89,[2]total_freq!$A:$F,6,0) -> #N/A | O89: =VLOOKUP(A89,[3]total_freq!$A:$F,6,0) -> #N/A | P89: =VLOOKUP(A89,[4]total_freq!$A:$F,6,0) -> #N/A | Q89: =VLOOKUP(A89,[5]total_freq!$A:$F,6,0) -> 0.002 | R89: =VLOOKUP(A89,[6]total_freq!$A:$F,6,0) -> 0.002 | S89: =VLOOKUP(A89,[7]total_freq!$A:$F,6,0) -> #N/A | T89: =VLOOKUP(A89,[8]total_freq!$A:$F,6,0) -> #N/A | U89: =VLOOKUP(A89,[9]total_freq!$A:$F,6,0) -> #N/A | V89: =VLOOKUP(A89,[10]total_freq!$A:$F,6,0) -> 0.513
A90: 各个领域 | B90: 4 | D90: =OR(E90,F90,G90>0.98,H90>0.98,I90) -> FALSE | E90: =IF(ISNA(VLOOKUP(A90,freq_country_woman!A:A:freq_country_woman!GP:GP,198,0)),FALSE,VLOOKUP(A90,freq_country_woman!A:A:freq_country_woman!GP:GP,198,0)) -> FALSE | F90: =IF(ISNA(VLOOKUP(A90,freq_country_man!A:A:freq_country_man!GP:GP,198,0)),FALSE,VLOOKUP(A90,freq_country_man!A:A:freq_country_man!GP:GP,198,0)) -> FALSE | G90: =IF(ISNA(VLOOKUP(A90,freq_country_woman!A:A:freq_country_woman!GQ:GQ,199,0)),0,VLOOKUP(A90,freq_country_woman!A:A:freq_country_woman!GQ:GQ,199,0)) -> 0 | H90: =IF(ISNA(VLOOKUP(A90,freq_country_man!A:A:freq_country_man!GQ:GQ,199,0)),0,VLOOKUP(A90,freq_country_man!A:A:freq_country_man!GQ:GQ,199,0)) -> 0 | J90: =VLOOKUP(A90,'词频排序表（数据中间处理）'!A:C,3,0) -> 0.291 | K90: =VLOOKUP(A90,'词频排序表（数据中间处理）'!G:I,3,0) -> #N/A | L90: =IF(ISNA(J90),0,J90)-IF(ISNA(K90),0,K90) -> 0.291 | M90: =VLOOKUP(A90,[1]total_freq!$A:$F,6,0) -> #N/A | N90: =VLOOKUP(A90,[2]total_freq!$A:$F,6,0) -> 0.002 | O90: =VLOOKUP(A90,[3]total_freq!$A:$F,6,0) -> #N/A | P90: =VLOOKUP(A90,[4]total_freq!$A:$F,6,0) -> 0.002 | Q90: =VLOOKUP(A90,[5]total_freq!$A:$F,6,0) -> 0.409 | R90: =VLOOKUP(A90,[6]total_freq!$A:$F,6,0) -> #N/A | S90: =VLOOKUP(A90,[7]total_freq!$A:$F,6,0) -> #N/A | T90: =VLOOKUP(A90,[8]total_freq!$A:$F,6,0) -> #N/A | U90: =VLOOKUP(A90,[9]total_freq!$A:$F,6,0) -> 0.002 | V90: =VLOOKUP(A90,[10]total_freq!$A:$F,6,0) -> 0.513
A91: 积极进取 | B91: 4 | D91: =OR(E91,F91,G91>0.98,H91>0.98,I91) -> FALSE | E91: =IF(ISNA(VLOOKUP(A91,freq_country_woman!A:A:freq_country_woman!GP:GP,198,0)),FALSE,VLOOKUP(A91,freq_country_woman!A:A:freq_country_woman!GP:GP,198,0)) -> FALSE | F91: =IF(ISNA(VLOOKUP(A91,freq_country_man!A:A:freq_country_man!GP:GP,198,0)),FALSE,VLOOKUP(A91,freq_country_man!A:A:freq_country_man!GP:GP,198,0)) -> FALSE | G91: =IF(ISNA(VLOOKUP(A91,freq_country_woman!A:A:freq_country_woman!GQ:GQ,199,0)),0,VLOOKUP(A91,freq_country_woman!A:A:freq_country_woman!GQ:GQ,199,0)) -> 0 | H91: =IF(ISNA(VLOOKUP(A91,freq_country_man!A:A:freq_country_man!GQ:GQ,199,0)),0,VLOOKUP(A91,freq_country_man!A:A:freq_country_man!GQ:GQ,199,0)) -> 0 | J91: =VLOOKUP(A91,'词频排序表（数据中间处理）'!A:C,3,0) -> 0.291 | K91: =VLOOKUP(A91,'词频排序表（数据中间处理）'!G:I,3,0) -> #N/A | L91: =IF(ISNA(J91),0,J91)-IF(ISNA(K91),0,K91) -> 0.291 | M91: =VLOOKUP(A91,[1]total_freq!$A:$F,6,0) -> 0.002 | N91: =VLOOKUP(A91,[2]total_freq!$A:$F,6,0) -> 0.002 | O91: =VLOOKUP(A91,[3]total_freq!$A:$F,6,0) -> 0.002 | P91: =VLOOKUP(A91,[4]total_freq!$A:$F,6,0) -> #N/A | Q91: =VLOOKUP(A91,[5]total_freq!$A:$F,6,0) -> 0.002 | R91: =VLOOKUP(A91,[6]total_freq!$A:$F,6,0) -> #N/A | S91: =VLOOKUP(A91,[7]total_freq!$A:$F,6,0) -> 0.002 | T91: =VLOOKUP(A91,[8]total_freq!$A:$F,6,0) -> 0.393 | U91: =VLOOKUP(A91,[9]total_freq!$A:$F,6,0) -> #N/A | V91: =VLOOKUP(A91,[10]total_freq!$A:$F,6,0) -> 0.002
A92: 在职 | B92: 4 | D92: =OR(E92,F92,G92>0.98,H92>0.98,I92) -> FALSE | E92: =IF(ISNA(VLOOKUP(A92,freq_country_woman!A:A:freq_country_woman!GP:GP,198,0)),FALSE,VLOOKUP(A92,freq_country_woman!A:A:freq_country_woman!GP:GP,198,0)) -> FALSE | F92: =IF(ISNA(VLOOKUP(A92,freq_country_man!A:A:freq_country_man!GP:GP,198,0)),FALSE,VLOOKUP(A92,freq_country_man!A:A:freq_country_man!GP:GP,198,0)) -> FALSE | G92: =IF(ISNA(VLOOKUP(A92,freq_country_woman!A:A:freq_country_woman!GQ:GQ,199,0)),0,VLOOKUP(A92,freq_country_woman!A:A:freq_country_woman!GQ:GQ,199,0)) -> 0 | H92: =IF(ISNA(VLOOKUP(A92,freq_country_man!A:A:freq_country_man!GQ:GQ,199,0)),0,VLOOKUP(A92,freq_country_man!A:A:freq_country_man!GQ:GQ,199,0)) -> 0 | J92: =VLOOKUP(A92,'词频排序表（数据中间处理）'!A:C,3,0) -> 0.291 | K92: =VLOOKUP(A92,'词频排序表（数据中间处理）'!G:I,3,0) -> #N/A | L92: =IF(ISNA(J92),0,J92)-IF(ISNA(K92),0,K92) -> 0.291 | M92: =VLOOKUP(A92,[1]total_freq!$A:$F,6,0) -> 0.002 | N92: =VLOOKUP(A92,[2]total_freq!$A:$F,6,0) -> #N/A | O92: =VLOOKUP(A92,[3]total_freq!$A:$F,6,0) -> #N/A | P92: =VLOOKUP(A92,[4]total_freq!$A:$F,6,0) -> 0.411 | Q92: =VLOOKUP(A92,[5]total_freq!$A:$F,6,0) -> 0.002 | R92: =VLOOKUP(A92,[6]total_freq!$A:$F,6,0) -> #N/A | S92: =VLOOKUP(A92,[7]total_freq!$A:$F,6,0) -> #N/A | T92: =VLOOKUP(A92,[8]total_freq!$A:$F,6,0) -> 0.393 | U92: =VLOOKUP(A92,[9]total_freq!$A:$F,6,0) -> 0.374 | V92: =VLOOKUP(A92,[10]total_freq!$A:$F,6,0) -> #N/A
... A100: 肤色 | B100: 4 | D100: =OR(E100,F100,G100>0.98,H100>0.98,I100) -> FALSE | E100: =IF(ISNA(VLOOKUP(A100,freq_country_woman!A:A:freq_country_woman!GP:GP,198,0)),FALSE,VLOOKUP(A100,freq_country_woman!A:A:freq_country_woman!GP:GP,198,0)) -> FALSE | F100: =IF(ISNA(VLOOKUP(A100,freq_country_man!A:A:freq_country_man!GP:GP,198,0)),FALSE,VLOOKUP(A100,freq_country_man!A:A:freq_country_man!GP:GP,198,0)) -> FALSE | G100: =IF(ISNA(VLOOKUP(A100,freq_country_woman!A:A:freq_country_woman!GQ:GQ,199,0)),0,VLOOKUP(A100,freq_country_woman!A:A:freq_country_woman!GQ:GQ,199,0)) -> 0.0051020408 | H100: =IF(ISNA(VLOOKUP(A100,freq_country_man!A:A:freq_country_man!GQ:GQ,199,0)),0,VLOOKUP(A100,freq_country_man!A:A:freq_country_man!GQ:GQ,199,0)) -> 0 | J100: =VLOOKUP(A100,'词频排序表（数据中间处理）'!A:C,3,0) -> 0.291 | K100: =VLOOKUP(A100,'词频排序表（数据中间处理）'!G:I,3,0) -> #N/A | L100: =IF(ISNA(J100),0,J100)-IF(ISNA(K100),0,K100) -> 0.291 | M100: =VLOOKUP(A100,[1]total_freq!$A:$F,6,0) -> #N/A | N100: =VLOOKUP(A100,[2]total_freq!$A:$F,6,0) -> #N/A | O100: =VLOOKUP(A100,[3]total_freq!$A:$F,6,0) -> 0.608 | P100: =VLOOKUP(A100,[4]total_freq!$A:$F,6,0) -> #N/A | Q100: =VLOOKUP(A100,[5]total_freq!$A:$F,6,0) -> #N/A | R100: =VLOOKUP(A100,[6]total_freq!$A:$F,6,0) -> 0.394 | S100: =VLOOKUP(A100,[7]total_freq!$A:$F,6,0) -> #N/A | T100: =VLOOKUP(A100,[8]total_freq!$A:$F,6,0) -> 0.002 | U100: =VLOOKUP(A100,[9]total_freq!$A:$F,6,0) -> 0.002 | V100: =VLOOKUP(A100,[10]total_freq!$A:$F,6,0) -> #N/A
A101: 强调 | B101: 4 | C101: 2 | D101: =OR(E101,F101,G101>0.98,H101>0.98,I101) -> FALSE | E101: =IF(ISNA(VLOOKUP(A101,freq_country_woman!A:A:freq_country_woman!GP:GP,198,0)),FALSE,VLOOKUP(A101,freq_country_woman!A:A:freq_country_woman!GP:GP,198,0)) -> FALSE | F101: =IF(ISNA(VLOOKUP(A101,freq_country_man!A:A:freq_country_man!GP:GP,198,0)),FALSE,VLOOKUP(A101,freq_country_man!A:A:freq_country_man!GP:GP,198,0)) -> FALSE | G101: =IF(ISNA(VLOOKUP(A101,freq_country_woman!A:A:freq_country_woman!GQ:GQ,199,0)),0,VLOOKUP(A101,freq_country_woman!A:A:freq_country_woman!GQ:GQ,199,0)) -> 0 | H101: =IF(ISNA(VLOOKUP(A101,freq_country_man!A:A:freq_country_man!GQ:GQ,199,0)),0,VLOOKUP(A101,freq_country_man!A:A:freq_country_man!GQ:GQ,199,0)) -> 0 | J101: =VLOOKUP(A101,'词频排序表（数据中间处理）'!A:C,3,0) -> 0.291 | K101: =VLOOKUP(A101,'词频排序表（数据中间处理）'!G:I,3,0) -> 0.002 | L101: =IF(ISNA(J101),0,J101)-IF(ISNA(K101),0,K101) -> 0.289 | M101: =VLOOKUP(A101,[1]total_freq!$A:$F,6,0) -> 0.002 | N101: =VLOOKUP(A101,[2]total_freq!$A:$F,6,0) -> #N/A | O101: =VLOOKUP(A101,[3]total_freq!$A:$F,6,0) -> 0.379 | P101: =VLOOKUP(A101,[4]total_freq!$A:$F,6,0) -> -0.002 | Q101: =VLOOKUP(A101,[5]total_freq!$A:$F,6,0) -> 0 | R101: =VLOOKUP(A101,[6]total_freq!$A:$F,6,0) -> 0.002 | S101: =VLOOKUP(A101,[7]total_freq!$A:$F,6,0) -> 0 | T101: =VLOOKUP(A101,[8]total_freq!$A:$F,6,0) -> 0.002 | U101: =VLOOKUP(A101,[9]total_freq!$A:$F,6,0) -> #N/A | V101: =VLOOKUP(A101,[10]total_freq!$A:$F,6,0) -> 0.001
A102: 文化底蕴 | B102: 4 | C102: 2 | D102: =OR(E102,F102,G102>0.98,H102>0.98,I102) -> FALSE | E102: =IF(ISNA(VLOOKUP(A102,freq_country_woman!A:A:freq_country_woman!GP:GP,198,0)),FALSE,VLOOKUP(A102,freq_country_woman!A:A:freq_country_woman!GP:GP,198,0)) -> FALSE | F102: =IF(ISNA(VLOOKUP(A102,freq_country_man!A:A:freq_country_man!GP:GP,198,0)),FALSE,VLOOKUP(A102,freq_country_man!A:A:freq_country_man!GP:GP,198,0)) -> FALSE | G102: =IF(ISNA(VLOOKUP(A102,freq_country_woman!A:A:freq_country_woman!GQ:GQ,199,0)),0,VLOOKUP(A102,freq_country_woman!A:A:freq_country_woman!GQ:GQ,199,0)) -> 0.0051020408 | H102: =IF(ISNA(VLOOKUP(A102,freq_country_man!A:A:freq_country_man!GQ:GQ,199,0)),0,VLOOKUP(A102,freq_country_man!A:A:freq_country_man!GQ:GQ,199,0)) -> 0 | J102: =VLOOKUP(A102,'词频排序表（数据中间处理）'!A:C,3,0) -> 0.291 | K102: =VLOOKUP(A102,'词频排序表（数据中间处理）'!G:I,3,0) -> 0.002 | L102: =IF(ISNA(J102),0,J102)-IF(ISNA(K102),0,K102) -> 0.289 | M102: =VLOOKUP(A102,[1]total_freq!$A:$F,6,0) -> #N/A | N102: =VLOOKUP(A102,[2]total_freq!$A:$F,6,0) -> 0.424 | O102: =VLOOKUP(A102,[3]total_freq!$A:$F,6,0) -> #N/A | P102: =VLOOKUP(A102,[4]total_freq!$A:$F,6,0) -> 0.002 | Q102: =VLOOKUP(A102,[5]total_freq!$A:$F,6,0) -> 0 | R102: =VLOOKUP(A102,[6]total_freq!$A:$F,6,0) -> #N/A | S102: =VLOOKUP(A102,[7]total_freq!$A:$F,6,0) -> #N/A | T102: =VLOOKUP(A102,[8]total_freq!$A:$F,6,0) -> 0.002 | U102: =VLOOKUP(A102,[9]total_freq!$A:$F,6,0) -> 0.084 | V102: =VLOOKUP(A102,[10]total_freq!$A:$F,6,0) -> #N/A
A103: 特有 | B103: 4 | C103: 2 | D103: =OR(E103,F103,G103>0.98,H103>0.98,I103) -> FALSE | E103: =IF(ISNA(VLOOKUP(A103,freq_country_woman!A:A:freq_country_woman!GP:GP,198,0)),FALSE,VLOOKUP(A103,freq_country_woman!A:A:freq_country_woman!GP:GP,198,0)) -> FALSE | F103: =IF(ISNA(VLOOKUP(A103,freq_country_man!A:A:freq_country_man!GP:GP,198,0)),FALSE,VLOOKUP(A103,freq_country_man!A:A:freq_country_man!GP:GP,198,0)) -> FALSE | G103: =IF(ISNA(VLOOKUP(A103,freq_country_woman!A:A:freq_country_woman!GQ:GQ,199,0)),0,VLOOKUP(A103,freq_country_woman!A:A:freq_country_woman!GQ:GQ,199,0)) -> 0.0051020408 | H103: =IF(ISNA(VLOOKUP(A103,freq_country_man!A:A:freq_country_man!GQ:GQ,199,0)),0,VLOOKUP(A103,freq_country_man!A:A:freq_country_man!GQ:GQ,199,0)) -> 0 | J103: =VLOOKUP(A103,'词频排序表（数据中间处理）'!A:C,3,0) -> 0.291 | K103: =VLOOKUP(A103,'词频排序表（数据中间处理）'!G:I,3,0) -> 0.002 | L103: =IF(ISNA(J103),0,J103)-IF(ISNA(K103),0,K103) -> 0.289 | M103: =VLOOKUP(A103,[1]total_freq!$A:$F,6,0) -> #N/A | N103: =VLOOKUP(A103,[2]total_freq!$A:$F,6,0) -> -0.002 | O103: =VLOOKUP(A103,[3]total_freq!$A:$F,6,0) -> 0.377 | P103: =VLOOKUP(A103,[4]total_freq!$A:$F,6,0) -> #N/A | Q103: =VLOOKUP(A103,[5]total_freq!$A:$F,6,0) -> #N/A | R103: =VLOOKUP(A103,[6]total_freq!$A:$F,6,0) -> #N/A | S103: =VLOOKUP(A103,[7]total_freq!$A:$F,6,0) -> #N/A | T103: =VLOOKUP(A103,[8]total_freq!$A:$F,6,0) -> 0.393 | U103: =VLOOKUP(A103,[9]total_freq!$A:$F,6,0) -> -0.408 | V103: =VLOOKUP(A103,[10]total_freq!$A:$F,6,0) -> 0.382
A104: 手工艺 | B104: 14 | C104: 5 | D104: =OR(E104,F104,G104>0.98,H104>0.98,I104) -> FALSE | E104: =IF(ISNA(VLOOKUP(A104,freq_country_woman!A:A:freq_country_woman!GP:GP,198,0)),FALSE,VLOOKUP(A104,freq_country_woman!A:A:freq_country_woman!GP:GP,198,0)) -> FALSE | F104: =IF(ISNA(VLOOKUP(A104,freq_country_man!A:A:freq_country_man!GP:GP,198,0)),FALSE,VLOOKUP(A104,freq_country_man!A:A:freq_country_man!GP:GP,198,0)) -> FALSE | G104: =IF(ISNA(VLOOKUP(A104,freq_country_woman!A:A:freq_country_woman!GQ:GQ,199,0)),0,VLOOKUP(A104,freq_country_woman!A:A:freq_country_woman!GQ:GQ,199,0)) -> 0.015306122 | H104: =IF(ISNA(VLOOKUP(A104,freq_country_man!A:A:freq_country_man!GQ:GQ,199,0)),0,VLOOKUP(A104,freq_country_man!A:A:freq_country_man!GQ:GQ,199,0)) -> 0 | J104: =VLOOKUP(A104,'词频排序表（数据中间处理）'!A:C,3,0) -> 0.637 | K104: =VLOOKUP(A104,'词频排序表（数据中间处理）'!G:I,3,0) -> 0.362 | L104: =IF(ISNA(J104),0,J104)-IF(ISNA(K104),0,K104) -> 0.275 | M104: =VLOOKUP(A104,[1]total_freq!$A:$F,6,0) -> 0.429 | N104: =VLOOKUP(A104,[2]total_freq!$A:$F,6,0) -> 0.743 | O104: =VLOOKUP(A104,[3]total_freq!$A:$F,6,0) -> -0.025 | P104: =VLOOKUP(A104,[4]total_freq!$A:$F,6,0) -> 0 | Q104: =VLOOKUP(A104,[5]total_freq!$A:$F,6,0) -> #N/A | R104: =VLOOKUP(A104,[6]total_freq!$A:$F,6,0) -> 0.053 | S104: =VLOOKUP(A104,[7]total_freq!$A:$F,6,0) -> 0.588 | T104: =VLOOKUP(A104,[8]total_freq!$A:$F,6,0) -> 0.002 | U104: =VLOOKUP(A104,[9]total_freq!$A:$F,6,0) -> 0.492 | V104: =VLOOKUP(A104,[10]total_freq!$A:$F,6,0) -> #N/A
A105: 地区 | B105: 14 | C105: 5 | D105: =OR(E105,F105,G105>0.98,H105>0.98,I105) -> FALSE | E105: =IF(ISNA(VLOOKUP(A105,freq_country_woman!A:A:freq_country_woman!GP:GP,198,0)),FALSE,VLOOKUP(A105,freq_country_woman!A:A:freq_country_woman!GP:GP,198,0)) -> FALSE | F105: =IF(ISNA(VLOOKUP(A105,freq_country_man!A:A:freq_country_man!GP:GP,198,0)),FALSE,VLOOKUP(A105,freq_country_man!A:A:freq_country_man!GP:GP,198,0)) -> FALSE | G105: =IF(ISNA(VLOOKUP(A105,freq_country_woman!A:A:freq_country_woman!GQ:GQ,199,0)),0,VLOOKUP(A105,freq_country_woman!A:A:freq_country_woman!GQ:GQ,199,0)) -> 0.015306122 | H105: =IF(ISNA(VLOOKUP(A105,freq_country_man!A:A:freq_country_man!GQ:GQ,199,0)),0,VLOOKUP(A105,freq_country_man!A:A:freq_country_man!GQ:GQ,199,0)) -> 0 | J105: =VLOOKUP(A105,'词频排序表（数据中间处理）'!A:C,3,0) -> 0.637 | K105: =VLOOKUP(A105,'词频排序表（数据中间处理）'!G:I,3,0) -> 0.362 | L105: =IF(ISNA(J105),0,J105)-IF(ISNA(K105),0,K105) -> 0.275 | M105: =VLOOKUP(A105,[1]total_freq!$A:$F,6,0) -> #N/A | N105: =VLOOKUP(A105,[2]total_freq!$A:$F,6,0) -> 0.424 | O105: =VLOOKUP(A105,[3]total_freq!$A:$F,6,0) -> -0.025 | P105: =VLOOKUP(A105,[4]total_freq!$A:$F,6,0) -> -0.002 | Q105: =VLOOKUP(A105,[5]total_freq!$A:$F,6,0) -> #N/A | R105: =VLOOKUP(A105,[6]total_freq!$A:$F,6,0) -> 0.394 | S105: =VLOOKUP(A105,[7]total_freq!$A:$F,6,0) -> 0 | T105: =VLOOKUP(A105,[8]total_freq!$A:$F,6,0) -> -0.002 | U105: =VLOOKUP(A105,[9]total_freq!$A:$F,6,0) -> 0.117 | V105: =VLOOKUP(A105,[10]total_freq!$A:$F,6,0) -> 0.631
A106: 积极 | B106: 21 | C106: 7 | D106: =OR(E106,F106,G106>0.98,H106>0.98,I106) -> FALSE | E106: =IF(ISNA(VLOOKUP(A106,freq_country_woman!A:A:freq_country_woman!GP:GP,198,0)),FALSE,VLOOKUP(A106,freq_country_woman!A:A:freq_country_woman!GP:GP,198,0)) -> FALSE | F106: =IF(ISNA(VLOOKUP(A106,freq_country_man!A:A:freq_country_man!GP:GP,198,0)),FALSE,VLOOKUP(A106,freq_country_man!A:A:freq_country_man!GP:GP,198,0)) -> FALSE | G106: =IF(ISNA(VLOOKUP(A106,freq_country_woman!A:A:freq_country_woman!GQ:GQ,199,0)),0,VLOOKUP(A106,freq_country_woman!A:A:freq_country_woman!GQ:GQ,199,0)) -> 0.010204082 | H106: =IF(ISNA(VLOOKUP(A106,freq_country_man!A:A:freq_country_man!GQ:GQ,199,0)),0,VLOOKUP(A106,freq_country_man!A:A:freq_country_man!GQ:GQ,199,0)) -> 0 | J106: =VLOOKUP(A106,'词频排序表（数据中间处理）'!A:C,3,0) -> 0.737 | K106: =VLOOKUP(A106,'词频排序表（数据中间处理）'!G:I,3,0) -> 0.48 | L106: =IF(ISNA(J106),0,J106)-IF(ISNA(K106),0,K106) -> 0.257 | M106: =VLOOKUP(A106,[1]total_freq!$A:$F,6,0) -> 0.184 | N106: =VLOOKUP(A106,[2]total_freq!$A:$F,6,0) -> 0.681 | O106: =VLOOKUP(A106,[3]total_freq!$A:$F,6,0) -> 0.693 | P106: =VLOOKUP(A106,[4]total_freq!$A:$F,6,0) -> 0.144 | Q106: =VLOOKUP(A106,[5]total_freq!$A:$F,6,0) -> 0.016 | R106: =VLOOKUP(A106,[6]total_freq!$A:$F,6,0) -> -0.498 | S106: =VLOOKUP(A106,[7]total_freq!$A:$F,6,0) -> 0.734 | T106: =VLOOKUP(A106,[8]total_freq!$A:$F,6,0) -> 0.68 | U106: =VLOOKUP(A106,[9]total_freq!$A:$F,6,0) -> 0.217 | V106: =VLOOKUP(A106,[10]total_freq!$A:$F,6,0) -> 0.382
A107: 维护 | B107: 17 | C107: 6 | D107: =OR(E107,F107,G107>0.98,H107>0.98,I107) -> FALSE | E107: =IF(ISNA(VLOOKUP(A107,freq_country_woman!A:A:freq_country_woman!GP:GP,198,0)),FALSE,VLOOKUP(A107,freq_country_woman!A:A:freq_country_woman!GP:GP,198,0)) -> FALSE | F107: =IF(ISNA(VLOOKUP(A107,freq_country_man!A:A:freq_country_man!GP:GP,198,0)),FALSE,VLOOKUP(A107,freq_country_man!A:A:freq_country_man!GP:GP,198,0)) -> FALSE | G107: =IF(ISNA(VLOOKUP(A107,freq_country_woman!A:A:freq_country_woman!GQ:GQ,199,0)),0,VLOOKUP(A107,freq_country_woman!A:A:freq_country_woman!GQ:GQ,199,0)) -> 0.0051020408 | H107: =IF(ISNA(VLOOKUP(A107,freq_country_man!A:A:freq_country_man!GQ:GQ,199,0)),0,VLOOKUP(A107,freq_country_man!A:A:freq_country_man!GQ:GQ,199,0)) -> 0 | J107: =VLOOKUP(A107,'词频排序表（数据中间处理）'!A:C,3,0) -> 0.684 | K107: =VLOOKUP(A107,'词频排序表（数据中间处理）'!G:I,3,0) -> 0.429 | L107: =IF(ISNA(J107),0,J107)-IF(ISNA(K107),0,K107) -> 0.255 | M107: =VLOOKUP(A107,[1]total_freq!$A:$F,6,0) -> 0.248 | N107: =VLOOKUP(A107,[2]total_freq!$A:$F,6,0) -> 0.564 | O107: =VLOOKUP(A107,[3]total_freq!$A:$F,6,0) -> 0.531 | P107: =VLOOKUP(A107,[4]total_freq!$A:$F,6,0) -> 0.582 | Q107: =VLOOKUP(A107,[5]total_freq!$A:$F,6,0) -> -0.393 | R107: =VLOOKUP(A107,[6]total_freq!$A:$F,6,0) -> -0.346 | S107: =VLOOKUP(A107,[7]total_freq!$A:$F,6,0) -> 0.685 | T107: =VLOOKUP(A107,[8]total_freq!$A:$F,6,0) -> -0.405 | U107: =VLOOKUP(A107,[9]total_freq!$A:$F,6,0) -> 0.65 | V107: =VLOOKUP(A107,[10]total_freq!$A:$F,6,0) -> 0.382
A108: 自信 | B108: 42 | C108: 10 | D108: =OR(E108,F108,G108>0.98,H108>0.98,I108) -> FALSE | E108: =IF(ISNA(VLOOKUP(A108,freq_country_woman!A:A:freq_country_woman!GP:GP,198,0)),FALSE,VLOOKUP(A108,freq_country_woman!A:A:freq_country_woman!GP:GP,198,0)) -> FALSE | F108: =IF(ISNA(VLOOKUP(A108,freq_country_man!A:A:freq_country_man!GP:GP,198,0)),FALSE,VLOOKUP(A108,freq_country_man!A:A:freq_country_man!GP:GP,198,0)) -> FALSE | G108: =IF(ISNA(VLOOKUP(A108,freq_country_woman!A:A:freq_country_woman!GQ:GQ,199,0)),0,VLOOKUP(A108,freq_country_woman!A:A:freq_country_woman!GQ:GQ,199,0)) -> 0.030612245 | H108: =IF(ISNA(VLOOKUP(A108,freq_country_man!A:A:freq_country_man!GQ:GQ,199,0)),0,VLOOKUP(A108,freq_country_man!A:A:freq_country_man!GQ:GQ,199,0)) -> 0.0051020408 | J108: =VLOOKUP(A108,'词频排序表（数据中间处理）'!A:C,3,0) -> 0.834 | K108: =VLOOKUP(A108,'词频排序表（数据中间处理）'!G:I,3,0) -> 0.586 | L108: =IF(ISNA(J108),0,J108)-IF(ISNA(K108),0,K108) -> 0.248 | M108: =VLOOKUP(A108,[1]total_freq!$A:$F,6,0) -> #N/A | N108: =VLOOKUP(A108,[2]total_freq!$A:$F,6,0) -> 0.002 | O108: =VLOOKUP(A108,[3]total_freq!$A:$F,6,0) -> 0 | P108: =VLOOKUP(A108,[4]total_freq!$A:$F,6,0) -> 0.052 | Q108: =VLOOKUP(A108,[5]total_freq!$A:$F,6,0) -> 0.927 | R108: =VLOOKUP(A108,[6]total_freq!$A:$F,6,0) -> #N/A | S108: =VLOOKUP(A108,[7]total_freq!$A:$F,6,0) -> #N/A | T108: =VLOOKUP(A108,[8]total_freq!$A:$F,6,0) -> 0.002 | U108: =VLOOKUP(A108,[9]total_freq!$A:$F,6,0) -> 0.002 | V108: =VLOOKUP(A108,[10]total_freq!$A:$F,6,0) -> 0.143
A109: 水平 | B109: 90 | C109: 15 | D109: =OR(E109,F109,G109>0.98,H109>0.98,I109) -> FALSE | E109: =IF(ISNA(VLOOKUP(A109,freq_country_woman!A:A:freq_country_woman!GP:GP,198,0)),FALSE,VLOOKUP(A109,freq_country_woman!A:A:freq_country_woman!GP:GP,198,0)) -> FALSE | F109: =IF(ISNA(VLOOKUP(A109,freq_country_man!A:A:freq_country_man!GP:GP,198,0)),FALSE,VLOOKUP(A109,freq_country_man!A:A:freq_country_man!GP:GP,198,0)) -> FALSE | G109: =IF(ISNA(VLOOKUP(A109,freq_country_woman!A:A:freq_country_woman!GQ:GQ,199,0)),0,VLOOKUP(A109,freq_country_woman!A:A:freq_country_woman!GQ:GQ,199,0)) -> 0.10204082 | H109: =IF(ISNA(VLOOKUP(A109,freq_country_man!A:A:freq_country_man!GQ:GQ,199,0)),0,VLOOKUP(A109,freq_country_man!A:A:freq_country_man!GQ:GQ,199,0)) -> 0.025510204 | J109: =VLOOKUP(A109,'词频排序表（数据中间处理）'!A:C,3,0) -> 0.929 | K109: =VLOOKUP(A109,'词频排序表（数据中间处理）'!G:I,3,0) -> 0.683 | L109: =IF(ISNA(J109),0,J109)-IF(ISNA(K109),0,K109) -> 0.246 | M109: =VLOOKUP(A109,[1]total_freq!$A:$F,6,0) -> 0.002 | N109: =VLOOKUP(A109,[2]total_freq!$A:$F,6,0) -> 0.426 | O109: =VLOOKUP(A109,[3]total_freq!$A:$F,6,0) -> 0.118 | P109: =VLOOKUP(A109,[4]total_freq!$A:$F,6,0) -> 0.345 | Q109: =VLOOKUP(A109,[5]total_freq!$A:$F,6,0) -> 0.225 | R109: =VLOOKUP(A109,[6]total_freq!$A:$F,6,0) -> #N/A | S109: =VLOOKUP(A109,[7]total_freq!$A:$F,6,0) -> 0.374 | T109: =VLOOKUP(A109,[8]total_freq!$A:$F,6,0) -> 0.002 | U109: =VLOOKUP(A109,[9]total_freq!$A:$F,6,0) -> 0.901 | V109: =VLOOKUP(A109,[10]total_freq!$A:$F,6,0) -> 0.069
...

Sheet 2. 女性共现表
A1: Edges | B1: Weight | C1: V1 | D1: V2 | E1: V1_deleted | F1: V2_deleted | G1: “温柔”“美丽”的她 | H1: “承担”“家务”的她 | I1: “遵守”“规范”的她
A2: ('女人', '通常') | B2: 1085 | C2: 女人 | D2: 通常 | E2: =VLOOKUP(C2,'1. 词频表'!A:D,4,0) -> TRUE | F2: =VLOOKUP(D2,'1. 词频表'!A:D,4,0) -> TRUE | G2: =(COUNTIF(Sheet1!A:A,$C2)+COUNTIF(Sheet1!A:A,$D2))>0 -> FALSE | H2: =(COUNTIF(Sheet1!B:B,$C2)+COUNTIF(Sheet1!B:B,$D2))>0 -> FALSE | I2: =(COUNTIF(Sheet1!C:C,$C2)+COUNTIF(Sheet1!C:C,$D2))>0 -> FALSE
A3: ('认为', '通常') | B3: 955 | C3: 认为 | D3: 通常 | E3: =VLOOKUP(C3,'1. 词频表'!A:D,4,0) -> TRUE | F3: =VLOOKUP(D3,'1. 词频表'!A:D,4,0) -> TRUE | G3: =(COUNTIF(Sheet1!A:A,C3)+COUNTIF(Sheet1!A:A,D3))>0 -> FALSE | H3: =(COUNTIF(Sheet1!B:B,$C3)+COUNTIF(Sheet1!B:B,$D3))>0 -> FALSE | I3: =(COUNTIF(Sheet1!C:C,$C3)+COUNTIF(Sheet1!C:C,$D3))>0 -> FALSE
A4: ('女人', '认为') | B4: 679 | C4: 女人 | D4: 认为 | E4: =VLOOKUP(C4,'1. 词频表'!A:D,4,0) -> TRUE | F4: =VLOOKUP(D4,'1. 词频表'!A:D,4,0) -> TRUE | G4: =(COUNTIF(Sheet1!A:A,C4)+COUNTIF(Sheet1!A:A,D4))>0 -> FALSE | H4: =(COUNTIF(Sheet1!B:B,$C4)+COUNTIF(Sheet1!B:B,$D4))>0 -> FALSE | I4: =(COUNTIF(Sheet1!C:C,$C4)+COUNTIF(Sheet1!C:C,$D4))>0 -> FALSE
A5: ('女性', '通常') | B5: 533 | C5: 女性 | D5: 通常 | E5: =VLOOKUP(C5,'1. 词频表'!A:D,4,0) -> FALSE | F5: =VLOOKUP(D5,'1. 词频表'!A:D,4,0) -> TRUE | G5: =(COUNTIF(Sheet1!A:A,C5)+COUNTIF(Sheet1!A:A,D5))>0 -> FALSE | H5: =(COUNTIF(Sheet1!B:B,$C5)+COUNTIF(Sheet1!B:B,$D5))>0 -> FALSE | I5: =(COUNTIF(Sheet1!C:C,$C5)+COUNTIF(Sheet1!C:C,$D5))>0 -> FALSE
A6: ('角色', '重要') | B6: 408 | C6: 角色 | D6: 重要 | E6: =VLOOKUP(C6,'1. 词频表'!A:D,4,0) -> FALSE | F6: =VLOOKUP(D6,'1. 词频表'!A:D,4,0) -> FALSE | G6: =(COUNTIF(Sheet1!A:A,C6)+COUNTIF(Sheet1!A:A,D6))>0 -> FALSE | H6: =(COUNTIF(Sheet1!B:B,$C6)+COUNTIF(Sheet1!B:B,$D6))>0 -> FALSE | I6: =(COUNTIF(Sheet1!C:C,$C6)+COUNTIF(Sheet1!C:C,$D6))>0 -> FALSE
A7: ('热情', '通常') | B7: 389 | C7: 热情 | D7: 通常 | E7: =VLOOKUP(C7,'1. 词频表'!A:D,4,0) -> FALSE | F7: =VLOOKUP(D7,'1. 词频表'!A:D,4,0) -> TRUE | G7: =(COUNTIF(Sheet1!A:A,C7)+COUNTIF(Sheet1!A:A,D7))>0 -> FALSE | H7: =(COUNTIF(Sheet1!B:B,$C7)+COUNTIF(Sheet1!B:B,$D7))>0 -> FALSE | I7: =(COUNTIF(Sheet1!C:C,$C7)+COUNTIF(Sheet1!C:C,$D7))>0 -> FALSE
A8: ('家庭', '角色') | B8: 367 | C8: 家庭 | D8: 角色 | E8: =VLOOKUP(C8,'1. 词频表'!A:D,4,0) -> FALSE | F8: =VLOOKUP(D8,'1. 词频表'!A:D,4,0) -> FALSE | G8: =(COUNTIF(Sheet1!A:A,C8)+COUNTIF(Sheet1!A:A,D8))>0 -> FALSE | H8: =(COUNTIF(Sheet1!B:B,$C8)+COUNTIF(Sheet1!B:B,$D8))>0 -> TRUE | I8: =(COUNTIF(Sheet1!C:C,$C8)+COUNTIF(Sheet1!C:C,$D8))>0 -> FALSE
A9: ('家庭', '社区') | B9: 364 | C9: 家庭 | D9: 社区 | E9: =VLOOKUP(C9,'1. 词频表'!A:D,4,0) -> FALSE | F9: =VLOOKUP(D9,'1. 词频表'!A:D,4,0) -> FALSE | G9: =(COUNTIF(Sheet1!A:A,C9)+COUNTIF(Sheet1!A:A,D9))>0 -> FALSE | H9: =(COUNTIF(Sheet1!B:B,$C9)+COUNTIF(Sheet1!B:B,$D9))>0 -> TRUE | I9: =(COUNTIF(Sheet1!C:C,$C9)+COUNTIF(Sheet1!C:C,$D9))>0 -> FALSE
A10: ('家庭', '重视') | B10: 356 | C10: 家庭 | D10: 重视 | E10: =VLOOKUP(C10,'1. 词频表'!A:D,4,0) -> FALSE | F10: =VLOOKUP(D10,'1. 词频表'!A:D,4,0) -> FALSE | G10: =(COUNTIF(Sheet1!A:A,C10)+COUNTIF(Sheet1!A:A,D10))>0 -> FALSE | H10: =(COUNTIF(Sheet1!B:B,$C10)+COUNTIF(Sheet1!B:B,$D10))>0 -> TRUE | I10: =(COUNTIF(Sheet1!C:C,$C10)+COUNTIF(Sheet1!C:C,$D10))>0 -> FALSE
A11: ('描述', '通常') | B11: 353 | C11: 描述 | D11: 通常 | E11: =VLOOKUP(C11,'1. 词频表'!A:D,4,0) -> FALSE | F11: =VLOOKUP(D11,'1. 词频表'!A:D,4,0) -> TRUE | G11: =(COUNTIF(Sheet1!A:A,C11)+COUNTIF(Sheet1!A:A,D11))>0 -> FALSE | H11: =(COUNTIF(Sheet1!B:B,$C11)+COUNTIF(Sheet1!B:B,$D11))>0 -> FALSE | I11: =(COUNTIF(Sheet1!C:C,$C11)+COUNTIF(Sheet1!C:C,$D11))>0 -> FALSE
A12: ('家庭', '重要') | B12: 348 | C12: 家庭 | D12: 重要 | E12: =VLOOKUP(C12,'1. 词频表'!A:D,4,0) -> FALSE | F12: =VLOOKUP(D12,'1. 词频表'!A:D,4,0) -> FALSE | G12: =(COUNTIF(Sheet1!A:A,C12)+COUNTIF(Sheet1!A:A,D12))>0 -> FALSE | H12: =(COUNTIF(Sheet1!B:B,$C12)+COUNTIF(Sheet1!B:B,$D12))>0 -> TRUE | I12: =(COUNTIF(Sheet1!C:C,$C12)+COUNTIF(Sheet1!C:C,$D12))>0 -> FALSE
A13: ('家庭', '强烈') | B13: 328 | C13: 家庭 | D13: 强烈 | E13: =VLOOKUP(C13,'1. 词频表'!A:D,4,0) -> FALSE | F13: =VLOOKUP(D13,'1. 词频表'!A:D,4,0) -> FALSE | G13: =(COUNTIF(Sheet1!A:A,C13)+COUNTIF(Sheet1!A:A,D13))>0 -> FALSE | H13: =(COUNTIF(Sheet1!B:B,$C13)+COUNTIF(Sheet1!B:B,$D13))>0 -> TRUE | I13: =(COUNTIF(Sheet1!C:C,$C13)+COUNTIF(Sheet1!C:C,$D13))>0 -> FALSE
A14: ('女人', '热情') | B14: 326 | C14: 女人 | D14: 热情 | E14: =VLOOKUP(C14,'1. 词频表'!A:D,4,0) -> TRUE | F14: =VLOOKUP(D14,'1. 词频表'!A:D,4,0) -> FALSE | G14: =(COUNTIF(Sheet1!A:A,C14)+COUNTIF(Sheet1!A:A,D14))>0 -> FALSE | H14: =(COUNTIF(Sheet1!B:B,$C14)+COUNTIF(Sheet1!B:B,$D14))>0 -> FALSE | I14: =(COUNTIF(Sheet1!C:C,$C14)+COUNTIF(Sheet1!C:C,$D14))>0 -> FALSE
... A1664: ('中国', '女性') | B1664: 5 | C1664: 中国 | D1664: 女性 | E1664: =VLOOKUP(C1664,'1. 词频表'!A:D,4,0) -> FALSE | F1664: =VLOOKUP(D1664,'1. 词频表'!A:D,4,0) -> FALSE | G1664: =(COUNTIF(Sheet1!A:A,C1664)+COUNTIF(Sheet1!A:A,D1664))>0 -> FALSE | H1664: =(COUNTIF(Sheet1!B:B,$C1664)+COUNTIF(Sheet1!B:B,$D1664))>0 -> FALSE | I1664: =(COUNTIF(Sheet1!C:C,$C1664)+COUNTIF(Sheet1!C:C,$D1664))>0 -> FALSE

Sheet 3. 男性共现表
A1: Edges | B1: Weight | C1: V1 | D1: V2 | E1: V1_deleted | F1: V2_deleted | G1: “温柔”“美丽”的她 | H1: “承担”“家务”的她 | I1: “遵守”“规范”的她
A2: ('男人', '通常') | B2: 1705 | C2: 男人 | D2: 通常 | E2: =VLOOKUP(C2,'1. 词频表'!A:D,4,0) -> TRUE | F2: =VLOOKUP(D2,'1. 词频表'!A:D,4,0) -> TRUE | G2: =(COUNTIF(Sheet1!A:A,$C2)+COUNTIF(Sheet1!A:A,$D2))>0 -> FALSE | H2: =(COUNTIF(Sheet1!B:B,$C2)+COUNTIF(Sheet1!B:B,$D2))>0 -> FALSE | I2: =(COUNTIF(Sheet1!C:C,$C2)+COUNTIF(Sheet1!C:C,$D2))>0 -> FALSE
A3: ('认为', '通常') | B3: 1426 | C3: 认为 | D3: 通常 | E3: =VLOOKUP(C3,'1. 词频表'!A:D,4,0) -> TRUE | F3: =VLOOKUP(D3,'1. 词频表'!A:D,4,0) -> TRUE | G3: =(COUNTIF(Sheet1!A:A,$C3)+COUNTIF(Sheet1!A:A,$D3))>0 -> FALSE | H3: =(COUNTIF(Sheet1!B:B,$C3)+COUNTIF(Sheet1!B:B,$D3))>0 -> FALSE | I3: =(COUNTIF(Sheet1!C:C,$C3)+COUNTIF(Sheet1!C:C,$D3))>0 -> FALSE
A4: ('男人', '认为') | B4: 1411 | C4: 男人 | D4: 认为 | E4: =VLOOKUP(C4,'1. 词频表'!A:D,4,0) -> TRUE | F4: =VLOOKUP(D4,'1. 词频表'!A:D,4,0) -> TRUE | G4: =(COUNTIF(Sheet1!A:A,$C4)+COUNTIF(Sheet1!A:A,$D4))>0 -> FALSE | H4: =(COUNTIF(Sheet1!B:B,$C4)+COUNTIF(Sheet1!B:B,$D4))>0 -> FALSE | I4: =(COUNTIF(Sheet1!C:C,$C4)+COUNTIF(Sheet1!C:C,$D4))>0 -> FALSE
A5: ('家庭', '重视') | B5: 587 | C5: 家庭 | D5: 重视 | E5: =VLOOKUP(C5,'1. 词频表'!A:D,4,0) -> FALSE | F5: =VLOOKUP(D5,'1. 词频表'!A:D,4,0) -> FALSE | G5: =(COUNTIF(Sheet1!A:A,$C5)+COUNTIF(Sheet1!A:A,$D5))>0 -> FALSE | H5: =(COUNTIF(Sheet1!B:B,$C5)+COUNTIF(Sheet1!B:B,$D5))>0 -> TRUE | I5: =(COUNTIF(Sheet1!C:C,$C5)+COUNTIF(Sheet1!C:C,$D5))>0 -> FALSE
A6: ('热情', '通常') | B6: 398 | C6: 热情 | D6: 通常 | E6: =VLOOKUP(C6,'1. 词频表'!A:D,4,0) -> FALSE | F6: =VLOOKUP(D6,'1. 词频表'!A:D,4,0) -> TRUE | G6: =(COUNTIF(Sheet1!A:A,$C6)+COUNTIF(Sheet1!A:A,$D6))>0 -> FALSE | H6: =(COUNTIF(Sheet1!B:B,$C6)+COUNTIF(Sheet1!B:B,$D6))>0 -> FALSE | I6: =(COUNTIF(Sheet1!C:C,$C6)+COUNTIF(Sheet1!C:C,$D6))>0 -> FALSE
A7: ('热情', '男人') | B7: 387 | C7: 热情 | D7: 男人 | E7: =VLOOKUP(C7,'1. 词频表'!A:D,4,0) -> FALSE | F7: =VLOOKUP(D7,'1. 词频表'!A:D,4,0) -> TRUE | G7: =(COUNTIF(Sheet1!A:A,$C7)+COUNTIF(Sheet1!A:A,$D7))>0 -> FALSE | H7: =(COUNTIF(Sheet1!B:B,$C7)+COUNTIF(Sheet1!B:B,$D7))>0 -> FALSE | I7: =(COUNTIF(Sheet1!C:C,$C7)+COUNTIF(Sheet1!C:C,$D7))>0 -> FALSE
A8: ('家庭', '社区') | B8: 358 | C8: 家庭 | D8: 社区 | E8: =VLOOKUP(C8,'1. 词频表'!A:D,4,0) -> FALSE | F8: =VLOOKUP(D8,'1. 词频表'!A:D,4,0) -> FALSE | G8: =(COUNTIF(Sheet1!A:A,$C8)+COUNTIF(Sheet1!A:A,$D8))>0 -> FALSE | H8: =(COUNTIF(Sheet1!B:B,$C8)+COUNTIF(Sheet1!B:B,$D8))>0 -> TRUE | I8: =(COUNTIF(Sheet1!C:C,$C8)+COUNTIF(Sheet1!C:C,$D8))>0 -> FALSE
A9: ('热情', '认为') | B9: 339 | C9: 热情 | D9: 认为 | E9: =VLOOKUP(C9,'1. 词频表'!A:D,4,0) -> FALSE | F9: =VLOOKUP(D9,'1. 词频表'!A:D,4,0) -> TRUE | G9: =(COUNTIF(Sheet1!A:A,$C9)+COUNTIF(Sheet1!A:A,$D9))>0 -> FALSE | H9: =(COUNTIF(Sheet1!B:B,$C9)+COUNTIF(Sheet1!B:B,$D9))>0 -> FALSE | I9: =(COUNTIF(Sheet1!C:C,$C9)+COUNTIF(Sheet1!C:C,$D9))>0 -> FALSE
A10: ('家庭', '观念') | B10: 308 | C10: 家庭 | D10: 观念 | E10: =VLOOKUP(C10,'1. 词频表'!A:D,4,0) -> FALSE | F10: =VLOOKUP(D10,'1. 词频表'!A:D,4,0) -> FALSE | G10: =(COUNTIF(Sheet1!A:A,$C10)+COUNTIF(Sheet1!A:A,$D10))>0 -> FALSE | H10: =(COUNTIF(Sheet1!B:B,$C10)+COUNTIF(Sheet1!B:B,$D10))>0 -> TRUE | I10: =(COUNTIF(Sheet1!C:C,$C10)+COUNTIF(Sheet1!C:C,$D10))>0 -> FALSE
A11: ('社区', '重视') | B11: 291 | C11: 社区 | D11: 重视 | E11: =VLOOKUP(C11,'1. 词频表'!A:D,4,0) -> FALSE | F11: =VLOOKUP(D11,'1. 词频表'!A:D,4,0) -> FALSE | G11: =(COUNTIF(Sheet1!A:A,$C11)+COUNTIF(Sheet1!A:A,$D11))>0 -> FALSE | H11: =(COUNTIF(Sheet1!B:B,$C11)+COUNTIF(Sheet1!B:B,$D11))>0 -> FALSE | I11: =(COUNTIF(Sheet1!C:C,$C11)+COUNTIF(Sheet1!C:C,$D11))>0 -> FALSE
A12: ('传统', '尊重') | B12: 284 | C12: 传统 | D12: 尊重 | E12: =VLOOKUP(C12,'1. 词频表'!A:D,4,0) -> FALSE | F12: =VLOOKUP(D12,'1. 词频表'!A:D,4,0) -> FALSE | G12: =(COUNTIF(Sheet1!A:A,$C12)+COUNTIF(Sheet1!A:A,$D12))>0 -> FALSE | H12: =(COUNTIF(Sheet1!B:B,$C12)+COUNTIF(Sheet1!B:B,$D12))>0 -> FALSE | I12: =(COUNTIF(Sheet1!C:C,$C12)+COUNTIF(Sheet1!C:C,$D12))>0 -> TRUE
A13: ('传统', '家庭') | B13: 282 | C13: 传统 | D13: 家庭 | E13: =VLOOKUP(C13,'1. 词频表'!A:D,4,0) -> FALSE | F13: =VLOOKUP(D13,'1. 词频表'!A:D,4,0) -> FALSE | G13: =(COUNTIF(Sheet1!A:A,$C13)+COUNTIF(Sheet1!A:A,$D13))>0 -> FALSE | H13: =(COUNTIF(Sheet1!B:B,$C13)+COUNTIF(Sheet1!B:B,$D13))>0 -> TRUE | I13: =(COUNTIF(Sheet1!C:C,$C13)+COUNTIF(Sheet1!C:C,$D13))>0 -> TRUE
... A1550: ('乍得', '传统') | B1550: 5 | C1550: 乍得 | D1550: 传统 | E1550: =VLOOKUP(C1550,'1. 词频表'!A:D,4,0) -> TRUE | F1550: =VLOOKUP(D1550,'1. 词频表'!A:D,4,0) -> FALSE | G1550: =(COUNTIF(Sheet1!A:A,$C1550)+COUNTIF(Sheet1!A:A,$D1550))>0 -> FALSE | H1550: =(COUNTIF(Sheet1!B:B,$C1550)+COUNTIF(Sheet1!B:B,$D1550))>0 -> FALSE | I1550: =(COUNTIF(Sheet1!C:C,$C1550)+COUNTIF(Sheet1!C:C,$D1550))>0 -> TRUE

Sheet Sheet1
A1: “温柔”“美丽”的她 | B1: “承担”“家务”的她 | C1: “遵守”“规范”的她
A2: 温柔 | B2: 家庭 | C2: 遵守
A3: 优雅 | B3: 照顾 | C3: 扮演着
A4: 坚韧 | B4: 核心 | C4: 传统
A5: 勇敢 | B5: 和谐 | C5: 职业
A6: 强 | B6: 热爱 | C6: 商业
A7: 头巾 | B7: 喜欢 | C7: 社会
A8: 长袍 | B8: 足球 | C8: 平等
A9: 时尚 | B9: 体育 | C9: 教育
A10: 高大 | B10: 户外活动 | C10: 独立
A11: 强壮 | B11: 责任感 | C11: 经济
C12: 文化传承

Sheet freq_country_woman
B1: 加蓬 | C1: 亚美尼亚 | D1: 巴巴多斯 | E1: 阿塞拜疆 | F1: 利比亚 | G1: 法罗群岛 | H1: 土耳其 | I1: 乌兹别克斯坦 | J1: 约旦 | K1: 葡萄牙 | L1: 美国 | M1: 马里 | N1: 挪威 | O1: 肯尼亚 | P1: 斯洛文尼亚 | Q1: 塔吉克斯坦 | R1: 阿尔及利亚 | S1: 马尔代夫 | T1: 乌干达 | U1: 比利时 | V1: 布基纳法索 | W1: 格鲁吉亚 | X1: 巴哈马 | Y1: 安提瓜和巴布达 | Z1: 布隆迪 | AA1: 白俄罗斯 | AB1: 多米尼加共和国 | AC1: 冈比亚 | AD1: 索马里 | AE1: 圣基茨和尼维斯 | AF1: 摩洛哥 | AG1: 孟加拉国 | AH1: 欧元区 | AI1: 拉脱维亚 | AJ1: 海地 | AK1: 毛里求斯 | AL1: 贝宁 | AM1: 冰岛 | AN1: 赤道几内亚 | AO1: 新加坡 | AP1: 突尼斯 | AQ1: 哥伦比亚 | AR1: 基里巴斯 | AS1: 赞比亚 | AT1: 利比里亚 | AU1: 多哥 | AV1: 西岸和加沙地带 | AW1: 澳大利亚 | AX1: 埃塞俄比亚 | AY1: 克罗地亚 | AZ1: 乍得 | BA1: 莫桑比克 | BB1: 圣卢西亚 | BC1: 苏里南 | BD1: 丹麦 | BE1: 爱沙尼亚 | BF1: 斐济 | BG1: 马耳他 | BH1: 希腊 | BI1: 罗马尼亚 | BJ1: 尼泊尔 | BK1: 密克罗尼西亚联邦 | BL1: 斯洛伐克共和国 | BM1: 墨西哥 | BN1: 英国 | BO1: 巴拉圭 | BP1: 俄罗斯联邦 | BQ1: 中国 | BR1: 阿联酋 | BS1: 秘鲁 | BT1: 也门 | BU1: 伊朗伊斯兰共和国 | BV1: 斯威士兰 | BW1: 新喀里多尼亚 | BX1: 圣文森特和格林纳丁斯 | BY1: 哥斯达黎加 | BZ1: 吉布提 | CA1: 萨尔瓦多 | CB1: 毛里塔尼亚 | CC1: 智利 | CD1: 瑞典 | CE1: 吉尔吉斯斯坦 | CF1: 科威特 | CG1: 佛得角 | CH1: 老挝人民民主共和国 | CI1: 匈牙利 | CJ1: 瑞士 | CK1: 中非共和国 | CL1: 喀麦隆 | CM1: 马绍尔群岛 | CN1: 荷兰 | CO1: 阿曼 | CP1: 尼日尔 | CQ1: 巴西 | CR1: 坦桑尼亚 | CS1: 以色列 | CT1: 安哥拉 | CU1: 斯里兰卡 | CV1: 法国 | CW1: 南非 | CX1: 格林纳达 | CY1: 博茨瓦纳 | CZ1: 塞内加尔 | DA1: 伯利兹 | DB1: 立陶宛 | DC1: 哈萨克斯坦 | DD1: 卢旺达 | DE1: 圭亚那 | DF1: 卢森堡 | DG1: 巴布亚新几内亚 | DH1: 开曼群岛 | DI1: 加拿大 | DJ1: 津巴布韦 | DK1: 土库曼斯坦 | DL1: 捷克 | DM1: 尼加拉瓜 | DN1: 乌克兰 | DO1: 西班牙 | DP1: 印度 | DQ1: 澳门特别行政区 | DR1: 乌拉圭 | DS1: 意大利 | DT1: 柬埔寨 | DU1: 波多黎各 | DV1: 新西兰 | DW1: 塞舌尔 | DX1: 几内亚 | DY1: 圣多美和普林西比 | DZ1: 瓦努阿图 | EA1: 图瓦卢 | EB1: 特立尼达和多巴哥 | EC1: 萨摩亚 | ED1: 芬兰 | EE1: 科索沃 | EF1: 苏丹 | EG1: 奥地利 | EH1: 马来西亚 | EI1: 东帝汶 | EJ1: 加纳 | EK1: 安道尔 | EL1: 文莱达鲁萨兰国 | EM1: 刚果共和国 | EN1: 尼日利亚 | EO1: 阿鲁巴 | EP1: 塞拉利昂 | EQ1: 危地马拉 | ER1: 玻利维亚 | ES1: 法属波利尼西亚 | ET1: 几内亚比绍 | EU1: 特克斯和凯科斯群岛 | EV1: 北马其顿 | EW1: 美属萨摩亚 | EX1: 香港特别行政区 | EY1: 多米尼克 | EZ1: 马拉维 | FA1: 摩尔多瓦 | FB1: 百慕大 | FC1: 蒙古 | FD1: 埃及阿拉伯共和国 | FE1: 巴基斯坦 | FF1: 科特迪瓦 | FG1: 黑山 | FH1: 沙特阿拉伯 | FI1: 巴林 | FJ1: 欧盟 | FK1: 刚果民主共和国 | FL1: 库拉索 | FM1: 纳米比亚 | FN1: 伊拉克 | FO1: 所罗门群岛 | FP1: 莱索托 | FQ1: 波斯尼亚和黑塞哥维那 | FR1: 牙买加 | FS1: 圣马丁（荷兰部分） | FT1: 阿根廷 | FU1: 马达加斯加 | FV1: 保加利亚 | FW1: 菲律宾 | FX1: 爱尔兰 | FY1: 韩国 | FZ1: 塞浦路斯 | GA1: 瑙鲁 | GB1: 阿尔巴尼亚 | GC1: 波兰 | GD1: 日本 | GE1: 泰国 | GF1: 巴拿马 | GG1: 德国 | GH1: 卡塔尔 | GI1: 摩纳哥 | GJ1: 塞尔维亚 | GK1: 洪都拉斯 | GL1: 越南 | GM1: 科摩罗 | GN1: 缅甸 | GO1: 厄瓜多尔 | GP1: Uniqueness | GQ1: Versatility | GR1: Total_freq
A2: 通常 | B2: 10 | C2: 10 | D2: 7 | E2: 10 | F2: 9 | G2: 11 | H2: 10 | I2: 8 | J2: 10 | K2: 4 | L2: 8 | M2: 10 | N2: 9 | O2: 10 | P2: 10 | Q2: 7 | R2: 10 | S2: 10 | T2: 6 | U2: 10 | V2: 6 | W2: 11 | X2: 8 | Y2: 8 | Z2: 6 | AA2: 7 | AB2: 7 | AC2: 10 | AD2: 9 | AE2: 9 | AF2: 10 | AG2: 8 | AH2: 7 | AI2: 10 | AJ2: 8 | AK2: 10 | AL2: 7 | AM2: 10 | AN2: 8 | AO2: 10 | AP2: 10 | AQ2: 3 | AR2: 6 | AS2: 6 | AT2: 7 | AU2: 10 | AV2: 10 | AW2: 9 | AX2: 9 | AY2: 7 | AZ2: 10 | BA2: 10 | BB2: 9 | BC2: 11 | BD2: 9 | BE2: 10 | BF2: 10 | BG2: 9 | BH2: 6 | BI2: 9 | BJ2: 10 | BK2: 9 | BL2: 10 | BM2: 8 | BN2: 10 | BO2: 10 | BP2: 8 | BQ2: 4 | BR2: 10 | BS2: 8 | BT2: 10 | BU2: 10 | BV2: 9 | BW2: 10 | BX2: 6 | BY2: 7 | BZ2: 9 | CA2: 9 | CB2: 10 | CC2: 9 | CD2: 10 | CE2: 9 | CF2: 10 | CG2: 10 | CH2: 7 | CI2: 7 | CJ2: 10 | CK2: 7 | CL2: 10 | CM2: 10 | CN2: 9 | CO2: 11 | CP2: 9 | CQ2: 3 | CR2: 8 | CS2: 10 | CT2: 7 | CU2: 10 | CV2: 8 | CW2: 8 | CX2: 10 | CY2: 10 | CZ2: 10 | DA2: 10 | DB2: 11 | DC2: 6 | DD2: 7 | DE2: 8 | DF2: 10 | DG2: 9 | DH2: 10 | DI2: 9 | DJ2: 9 | DK2: 9 | DL2: 10 | DM2: 9 | DN2: 10 | DO2: 5 | DP2: 7 | DQ2: 5 | DR2: 7 | DS2: 5 | DT2: 4 | DU2: 9 | DV2: 10 | DW2: 10 | DX2: 9 | DY2: 9 | DZ2: 10 | EA2: 10 | EB2: 8 | EC2: 10 | ED2: 10 | EE2: 10 | EF2: 9 | EG2: 10 | EH2: 9 | EI2: 9 | EJ2: 9 | EK2: 10 | EL2: 10 | EM2: 8 | EN2: 7 | EO2: 9 | EP2: 9 | EQ2: 9 | ER2: 10 | ES2: 10 | ET2: 9 | EU2: 10 | EV2: 10 | EW2: 10 | EY2: 9 | EZ2: 10 | FA2: 10 | FB2: 10 | FC2: 9 | FD2: 10 | FE2: 10 | FF2: 8 | FG2: 9 | FH2: 7 | FI2: 9 | FJ2: 9 | FK2: 7 | FL2: 9 | FM2: 9 | FN2: 8 | FO2: 9 | FP2: 10 | FQ2: 10 | FR2: 6 | FS2: 8 | FT2: 3 | FU2: 8 | FV2: 10 | FW2: 8 | FX2: 9 | FY2: 8 | FZ2: 9 | GA2: 9 | GB2: 6 | GC2: 10 | GD2: 9 | GE2: 9 | GF2: 8 | GG2: 10 | GH2: 10 | GI2: 10 | GJ2: 10 | GK2: 9 | GL2: 5 | GM2: 10 | GN2: 5 | GO2: 10 | GP2: FALSE | GQ2: 0.99489796 | GR2: 1700
A3: 家庭 | B3: 14 | C3: 12 | D3: 7 | E3: 13 | F3: 11 | G3: 3 | H3: 11 | I3: 12 | J3: 10 | K3: 7 | M3: 20 | O3: 8 | P3: 6 | Q3: 16 | R3: 11 | S3: 8 | T3: 10 | U3: 1 | V3: 9 | W3: 12 | X3: 5 | Y3: 13 | Z3: 10 | AA3: 8 | AB3: 9 | AC3: 13 | AD3: 10 | AE3: 7 | AF3: 9 | AG3: 19 | AH3: 2 | AI3: 3 | AJ3: 9 | AK3: 2 | AL3: 12 | AN3: 16 | AO3: 1 | AP3: 9 | AQ3: 7 | AR3: 11 | AS3: 10 | AT3: 12 | AU3: 15 | AV3: 17 | AX3: 7 | AY3: 6 | AZ3: 16 | BA3: 8 | BB3: 6 | BC3: 3 | BE3: 2 | BF3: 14 | BG3: 13 | BH3: 5 | BI3: 11 | BJ3: 12 | BK3: 11 | BL3: 11 | BM3: 9 | BO3: 14 | BP3: 2 | BQ3: 11 | BR3: 8 | BS3: 10 | BT3: 1 | BU3: 1 | BV3: 15 | BW3: 4 | BX3: 5 | BY3: 11 | BZ3: 16 | CA3: 11 | CB3: 12 | CC3: 10 | CE3: 10 | CF3: 7 | CG3: 5 | CH3: 13 | CI3: 8 | CJ3: 1 | CK3: 13 | CL3: 11 | CM3: 9 | CO3: 11 | CP3: 18 | CQ3: 3 | CR3: 11 | CS3: 2 | CT3: 9 | CU3: 12 | CW3: 4 | CX3: 11 | CY3: 14 | CZ3: 10 | DA3: 1 | DB3: 8 | DC3: 11 | DD3: 8 | DE3: 8 | DF3: 1 | DG3: 8 | DH3: 4 | DJ3: 9 | DK3: 15 | DM3: 9 | DN3: 6 | DO3: 7 | DP3: 12 | DQ3: 1 | DR3: 10 | DS3: 7 | DT3: 11 | DU3: 7 | DV3: 1 | DW3: 5 | DX3: 11 | DY3: 13 | DZ3: 8 | EA3: 15 | EB3: 10 | EC3: 9 | EE3: 10 | EF3: 11 | EG3: 5 | EH3: 9 | EI3: 14 | EJ3: 13 | EK3: 7 | EL3: 10 | EM3: 13 | EN3: 10 | EO3: 9 | EP3: 12 | EQ3: 15 | ER3: 8 | ES3: 2 | ET3: 12 | EU3: 8 | EV3: 11 | EW3: 12 | EY3: 11 | EZ3: 14 | FA3: 11 | FB3: 3 | FC3: 7 | FD3: 11 | FE3: 16 | FF3: 13 | FG3: 7 | FI3: 12 | FJ3: 1 | FK3: 9 | FL3: 7 | FM3: 8 | FN3: 5 | FO3: 13 | FP3: 21 | FQ3: 7 | FR3: 3 | FS3: 2 | FT3: 4 | FU3: 11 | FV3: 13 | FW3: 13 | FX3: 3 | FY3: 6 | FZ3: 8 | GA3: 14 | GB3: 16 | GC3: 8 | GD3: 6 | GE3: 12 | GF3: 11 | GG3: 1 | GH3: 4 | GI3: 1 | GJ3: 6 | GK3: 11 | GL3: 10 | GM3: 17 | GN3: 9 | GO3: 19 | GP3: FALSE | GQ3: 0.86734694 | GR3: 1667
A4: 女人 | B4: 10 | C4: 10 | D4: 5 | E4: 10 | F4: 6 | G4: 6 | H4: 6 | I4: 4 | J4: 5 | K4: 2 | L4: 7 | M4: 9 | O4: 6 | P4: 6 | Q4: 6 | R4: 8 | S4: 6 | T4: 1 | U4: 8 | V4: 6 | W4: 10 | X4: 7 | Y4: 6 | Z4: 4 | AA4: 6 | AB4: 1 | AC4: 6 | AD4: 8 | AE4: 8 | AF4: 10 | AG4: 3 | AH4: 6 | AI4: 10 | AJ4: 5 | AK4: 9 | AL4: 7 | AM4: 1 | AN4: 5 | AO4: 2 | AP4: 5 | AQ4: 3 | AR4: 5 | AS4: 6 | AT4: 5 | AU4: 6 | AV4: 1 | AX4: 5 | AY4: 7 | AZ4: 9 | BA4: 4 | BB4: 8 | BC4: 9 | BD4: 1 | BE4: 10 | BF4: 8 | BG4: 9 | BH4: 4 | BI4: 8 | BJ4: 8 | BK4: 6 | BL4: 4 | BM4: 6 | BN4: 5 | BO4: 8 | BP4: 6 | BQ4: 1 | BR4: 8 | BS4: 5 | BT4: 9 | BU4: 1 | BV4: 6 | BW4: 7 | BX4: 4 | BY4: 3 | BZ4: 7 | CA4: 9 | CB4: 10 | CC4: 7 | CD4: 2 | CE4: 2 | CF4: 5 | CG4: 10 | CH4: 1 | CI4: 5 | CJ4: 5 | CK4: 2 | CL4: 9 | CM4: 9 | CN4: 5 | CO4: 8 | CP4: 8 | CQ4: 2 | CR4: 3 | CS4: 3 | CT4: 5 | CU4: 7 | CV4: 8 | CW4: 4 | CX4: 8 | CY4: 9 | CZ4: 8 | DA4: 8 | DB4: 7 | DC4: 3 | DD4: 4 | DE4: 5 | DF4: 8 | DG4: 3 | DH4: 3 | DJ4: 3 | DK4: 6 | DL4: 9 | DM4: 6 | DN4: 3 | DO4: 4 | DR4: 7 | DS4: 3 | DU4: 8 | DV4: 2 | DW4: 9 | DX4: 7 | DY4: 7 | DZ4: 9 | EA4: 9 | EB4: 4 | EC4: 10 | ED4: 3 | EE4: 10 | EF4: 8 | EG4: 5 | EH4: 4 | EI4: 1 | EJ4: 9 | EK4: 6 | EL4: 1 | EM4: 3 | EN4: 7 | EO4: 8 | EP4: 7 | EQ4: 6 | ER4: 8 | ES4: 7 | ET4: 5 | EU4: 4 | EV4: 10 | EW4: 10 | EY4: 8 | EZ4: 6 | FA4: 9 | FB4: 9 | FC4: 7 | FD4: 2 | FE4: 2 | FF4: 7 | FG4: 7 | FI4: 5 | FJ4: 7 | FL4: 10 | FM4: 6 | FN4: 1 | FO4: 2 | FP4: 9 | FQ4: 2 | FR4: 3 | FS4: 6 | FT4: 1 | FU4: 3 | FV4: 10 | FW4: 5 | FX4: 6 | FZ4: 8 | GA4: 8 | GB4: 5 | GC4: 6 | GE4: 1 | GF4: 6 | GG4: 3 | GH4: 7 | GI4: 10 | GJ4: 10 | GK4: 7 | GL4: 1 | GM4: 10 | GN4: 3 | GO4: 7 | GP4: FALSE | GQ4: 0.87244898 | GR4: 1096
A5: 认为 | B5: 5 | C5: 6 | D5: 4 | E5: 7 | F5: 5 | G5: 5 | H5: 6 | I5: 6 | J5: 5 | K5: 3 | L5: 5 | M5: 3 | N5: 6 | O5: 5 | P5: 6 | Q5: 5 | R5: 5 | S5: 4 | T5: 2 | U5: 10 | V5: 4 | W5: 8 | X5: 3 | Y5: 5 | Z5: 2 | AA5: 5 | AB5: 5 | AC5: 3 | AD5: 3 | AE5: 5 | AF5: 8 | AG5: 4 | AH5: 6 | AI5: 5 | AJ5: 3 | AK5: 5 | AL5: 2 | AM5: 7 | AN5: 5 | AO5: 8 | AP5: 5 | AQ5: 3 | AR5: 2 | AS5: 4 | AT5: 4 | AU5: 7 | AW5: 6 | AY5: 4 | AZ5: 4 | BA5: 4 | BB5: 7 | BC5: 5 | BD5: 8 | BE5: 9 | BF5: 5 | BG5: 7 | BH5: 2 | BI5: 7 | BJ5: 5 | BK5: 7 | BL5: 6 | BM5: 6 | BN5: 9 | BO5: 6 | BP5: 7 | BQ5: 4 | BS5: 4 | BT5: 4 | BV5: 2 | BW5: 6 | BX5: 3 | BY5: 4 | BZ5: 1 | CA5: 6 | CB5: 4 | CC5: 8 | CD5: 10 | CE5: 5 | CF5: 4 | CG5: 5 | CH5: 4 | CI5: 6 | CJ5: 10 | CK5: 2 | CL5: 5 | CM5: 4 | CN5: 7 | CO5: 2 | CP5: 5 | CQ5: 2 | CR5: 2 | CS5: 8 | CT5: 2 | CU5: 6 | CV5: 6 | CW5: 7 | CX5: 3 | CY5: 4 | CZ5: 5 | DA5: 3 | DB5: 5 | DC5: 2 | DD5: 3 | DE5: 6 | DF5: 9 | DG5: 1 | DH5: 6 | DI5: 8 | DJ5: 3 | DK5: 9 | DL5: 10 | DM5: 4 | DN5: 4 | DO5: 5 | DP5: 5 | DQ5: 4 | DR5: 6 | DS5: 4 | DT5: 1 | DU5: 7 | DV5: 8 | DW5: 3 | DX5: 3 | DY5: 2 | DZ5: 4 | EA5: 3 | EB5: 5 | EC5: 8 | ED5: 6 | EE5: 9 | EF5: 5 | EG5: 7 | EH5: 6 | EI5: 2 | EJ5: 6 | EK5: 9 | EL5: 1 | EM5: 2 | EN5: 5 | EO5: 6 | EP5: 5 | EQ5: 7 | ER5: 8 | ES5: 3 | ET5: 2 | EU5: 2 | EV5: 9 | EW5: 8 | EY5: 5 | EZ5: 3 | FA5: 5 | FB5: 9 | FC5: 5 | FD5: 3 | FE5: 3 | FF5: 6 | FG5: 9 | FH5: 2 | FI5: 3 | FJ5: 6 | FK5: 3 | FL5: 7 | FM5: 4 | FN5: 4 | FO5: 6 | FP5: 3 | FQ5: 8 | FR5: 5 | FS5: 5 | FT5: 1 | FU5: 3 | FV5: 8 | FW5: 6 | FX5: 10 | FY5: 9 | FZ5: 7 | GA5: 3 | GB5: 2 | GC5: 8 | GD5: 5 | GE5: 8 | GF5: 1 | GG5: 10 | GH5: 2 | GI5: 7 | GJ5: 7 | GK5: 4 | GL5: 1 | GM5: 2 | GN5: 2 | GO5: 8 | GP5: FALSE | GQ5: 0.93877551 | GR5: 965
A6: 传统 | B6: 2 | C6: 8 | E6: 10 | F6: 10 | G6: 4 | H6: 12 | I6: 10 | J6: 9 | K6: 1 | M6: 1 | O6: 3 | P6: 3 | Q6: 12 | R6: 10 | S6: 9 | T6: 1 | V6: 9 | W6: 9 | X6: 2 | Y6: 3 | Z6: 1 | AA6: 4 | AC6: 1 | AD6: 7 | AE6: 2 | AF6: 14 | AG6: 5 | AI6: 4 | AL6: 5 | AN6: 5 | AO6: 1 | AP6: 12 | AQ6: 1 | AR6: 4 | AU6: 2 | AV6: 5 | AX6: 1 | AY6: 2 | AZ6: 9 | BA6: 1 | BB6: 1 | BE6: 1 | BF6: 7 | BG6: 6 | BH6: 3 | BI6: 8 | BJ6: 9 | BK6: 4 | BL6: 8 | BM6: 2 | BN6: 2 | BO6: 4 | BP6: 1 | BR6: 13 | BS6: 5 | BT6: 12 | BU6: 5 | BV6: 9 | BW6: 6 | BX6: 1 | BZ6: 6 | CB6: 15 | CC6: 2 | CE6: 7 | CF6: 12 | CG6: 2 | CH6: 6 | CI6: 5 | CK6: 1 | CL6: 1 | CM6: 5 | CO6: 15 | CP6: 4 | CR6: 2 | CT6: 4 | CU6: 10 | CW6: 2 | CX6: 2 | CY6: 10 | CZ6: 4 | DA6: 2 | DB6: 3 | DC6: 9 | DE6: 4 | DF6: 1 | DG6: 9 | DH6: 1 | DK6: 14 | DM6: 1 | DN6: 1 | DO6: 3 | DP6: 8 | DQ6: 1 | DR6: 1 | DT6: 5 | DU6: 1 | DW6: 2 | DX6: 3 | DY6: 4 | DZ6: 7 | EA6: 10 | EC6: 4 | EE6: 4 | EF6: 12 | EG6: 2 | EH6: 5 | EI6: 4 | EJ6: 2 | EK6: 4 | EL6: 9 | EN6: 3 | EO6: 4 | EQ6: 4 | ER6: 8 | ES6: 6 | ET6: 2 | EU6: 4 | EV6: 6 | EW6: 5 | EY6: 3 | EZ6: 5 | FA6: 5 | FC6: 3 | FD6: 9 | FE6: 7 | FF6: 3 | FG6: 2 | FH6: 10 | FI6: 8 | FK6: 2 | FL6: 1 | FM6: 3 | FN6: 12 | FO6: 6 | FP6: 3 | FQ6: 6 | FU6: 5 | FV6: 8 | FX6: 1 | FZ6: 4 | GA6: 1 | GB6: 7 | GC6: 1 | GE6: 1 | GF6: 4 | GH6: 11 | GJ6: 7 | GK6: 3 | GL6: 6 | GM6: 11 | GN6: 7 | GO6: 6 | GP6: FALSE | GQ6: 0.6377551 | GR6: 785
A7: 热情 | B7: 6 | C7: 4 | D7: 9 | H7: 3 | I7: 1 | K7: 10 | L7: 1 | O7: 1 | P7: 2 | Q7: 1 | S7: 1 | T7: 1 | W7: 8 | X7: 6 | Y7: 10 | AA7: 1 | AB7: 10 | AC7: 4 | AE7: 5 | AJ7: 1 | AK7: 5 | AL7: 3 | AQ7: 10 | AR7: 1 | AS7: 8 | AT7: 1 | AU7: 3 | AY7: 10 | BA7: 2 | BB7: 9 | BC7: 2 | BF7: 8 | BG7: 7 | BH7: 10 | BI7: 9 | BK7: 4 | BM7: 10 | BO7: 10 | BS7: 6 | BW7: 4 | BX7: 8 | BY7: 10 | CA7: 10 | CC7: 10 | CE7: 3 | CG7: 9 | CI7: 3 | CL7: 7 | CQ7: 10 | CR7: 8 | CT7: 1 | CU7: 1 | CW7: 1 | CX7: 9 | CZ7: 7 | DA7: 3 | DC7: 4 | DD7: 1 | DE7: 6 | DG7: 1 | DH7: 7 | DJ7: 2 | DM7: 9 | DO7: 10 | DP7: 1 | DR7: 10 | DS7: 10 | DU7: 10 | DW7: 9 | DX7: 1 | DY7: 2 | DZ7: 4 | EB7: 9 | EC7: 6 | EE7: 3 | EH7: 1 | EJ7: 10 | EK7: 2 | EM7: 4 | EN7: 5 | EO7: 9 | EQ7: 3 | ER7: 6 | ES7: 7 | ET7: 5 | EU7: 8 | EV7: 6 | EW7: 8 | EY7: 8 | EZ7: 1 | FA7: 8 | FB7: 2 | FC7: 1 | FF7: 8 | FG7: 3 | FK7: 1 | FL7: 11 | FQ7: 2 | FR7: 9 | FS7: 8 | FT7: 9 | FU7: 2 | FV7: 4 | FW7: 9 | FX7: 10 | FZ7: 8 | GA7: 5 | GB7: 4 | GC7: 2 | GE7: 2 | GF7: 10 | GJ7: 9 | GK7: 10 | GM7: 2 | GO7: 10 | GP7: FALSE | GQ7: 0.47959184 | GR7: 644
A8: 女性 | D8: 2 | F8: 4 | G8: 4 | H8: 4 | I8: 4 | J8: 5 | K8: 1 | L8: 1 | N8: 9 | O8: 2 | P8: 4 | Q8: 1 | R8: 2 | S8: 4 | T8: 1 | U8: 3 | Y8: 2 | AA8: 1 | AB8: 5 | AC8: 4 | AD8: 1 | AE8: 1 | AG8: 7 | AH8: 4 | AI8: 2 | AJ8: 3 | AK8: 2 | AM8: 9 | AN8: 3 | AO8: 9 | AP8: 6 | AR8: 1 | AT8: 1 | AU8: 4 | AV8: 10 | AW8: 9 | AX8: 1 | AZ8: 1 | BA8: 5 | BB8: 1 | BC8: 4 | BD8: 9 | BF8: 2 | BH8: 1 | BI8: 1 | BJ8: 2 | BK8: 1 | BL8: 6 | BM8: 2 | BN8: 5 | BO8: 3 | BP8: 2 | BQ8: 5 | BR8: 3 | BS8: 3 | BT8: 1 | BU8: 9 | BV8: 2 | BW8: 2 | BX8: 1 | BY8: 4 | BZ8: 1 | CC8: 2 | CD8: 8 | CE8: 7 | CF8: 4 | CH8: 6 | CI8: 2 | CJ8: 5 | CK8: 4 | CL8: 1 | CM8: 1 | CN8: 5 | CO8: 2 | CP8: 1 | CR8: 4 | CS8: 7 | CT8: 1 | CU8: 2 | CW8: 5 | CX8: 2 | CY8: 1 | CZ8: 1 | DA8: 5 | DB8: 3 | DC8: 3 | DD8: 4 | DE8: 3 | DF8: 2 | DG8: 5 | DH8: 7 | DI8: 8 | DJ8: 6 | DK8: 4 | DL8: 1 | DM8: 1 | DN8: 6 | DO8: 1 | DP8: 8 | DQ8: 5 | DS8: 2 | DT8: 3 | DV8: 8 | DW8: 1 | DX8: 1 | DY8: 1 | DZ8: 1 | EB8: 4 | ED8: 7 | EF8: 1 | EG8: 5 | EH8: 6 | EI8: 8 | EK8: 5 | EL8: 9 | EM8: 5 | EO8: 1 | EP8: 2 | EQ8: 4 | ER8: 1 | ES8: 2 | ET8: 4 | EU8: 6 | EY8: 1 | EZ8: 4 | FA8: 1 | FB8: 1 | FC8: 2 | FD8: 7 | FE8: 8 | FG8: 2 | FH8: 10 | FI8: 5 | FJ8: 3 | FK8: 5 | FM8: 3 | FN8: 4 | FO8: 7 | FP8: 1 | FQ8: 7 | FR8: 1 | FS8: 3 | FU8: 5 | FW8: 2 | FX8: 3 | FY8: 10 | FZ8: 1 | GA8: 1 | GC8: 5 | GD8: 8 | GE8: 7 | GF8: 1 | GG8: 7 | GH8: 4 | GK8: 2 | GL8: 3 | GN8: 1 | GO8: 3 | GP8: FALSE | GQ8: 0.58673469 | GR8: 580
A9: 社区 | B9: 6 | C9: 1 | E9: 1 | F9: 2 | G9: 2 | I9: 4 | M9: 4 | O9: 3 | Q9: 5 | S9: 5 | T9: 3 | V9: 3 | W9: 2 | X9: 5 | Y9: 4 | Z9: 4 | AB9: 5 | AC9: 4 | AD9: 4 | AE9: 4 | AF9: 1 | AG9: 5 | AJ9: 5 | AL9: 10 | AN9: 8 | AR9: 6 | AS9: 8 | AT9: 6 | AU9: 3 | AV9: 1 | AX9: 7 | AZ9: 5 | BA9: 3 | BB9: 3 | BF9: 7 | BG9: 2 | BJ9: 3 | BK9: 9 | BM9: 1 | BO9: 7 | BR9: 2 | BS9: 2 | BU9: 1 | BV9: 8 | BW9: 6 | BX9: 5 | BY9: 5 | BZ9: 5 | CA9: 2 | CB9: 6 | CE9: 2 | CF9: 1 | CG9: 4 | CH9: 2 | CK9: 2 | CL9: 5 | CM9: 5 | CO9: 2 | CP9: 3 | CQ9: 1 | CR9: 5 | CT9: 2 | CU9: 4 | CX9: 8 | CY9: 5 | CZ9: 6 | DD9: 1 | DE9: 3 | DG9: 6 | DH9: 4 | DJ9: 3 | DK9: 6 | DM9: 2 | DR9: 2 | DU9: 3 | DW9: 2 | DX9: 3 | DY9: 7 | DZ9: 5 | EA9: 11 | EB9: 4 | EC9: 5 | EE9: 1 | EH9: 1 | EI9: 5 | EJ9: 5 | EK9: 3 | EL9: 1 | EM9: 3 | EN9: 3 | EO9: 3 | EP9: 2 | EQ9: 6 | ER9: 2 | ES9: 2 | ET9: 3 | EU9: 5 | EV9: 3 | EW9: 7 | EY9: 6 | EZ9: 4 | FA9: 4 | FB9: 1 | FC9: 1 | FE9: 2 | FF9: 7 | FG9: 1 | FI9: 3 | FK9: 4 | FL9: 3 | FO9: 8 | FP9: 5 | FQ9: 1 | FS9: 1 | FU9: 6 | FV9: 1 | FW9: 3 | FZ9: 2 | GA9: 11 | GB9: 3 | GF9: 1 | GK9: 2 | GM9: 5 | GN9: 2 | GO9: 4 | GP9: FALSE | GQ9: 0.54081633 | GR9: 483
A10: 重视 | B10: 2 | C10: 5 | E10: 7 | F10: 3 | H10: 3 | I10: 5 | J10: 6 | K10: 2 | L10: 1 | M10: 1 | N10: 3 | O10: 2 | P10: 1 | Q10: 10 | R10: 7 | S10: 1 | U10: 1 | V10: 3 | W10: 3 | Y10: 5 | Z10: 2 | AA10: 3 | AB10: 2 | AC10: 1 | AD10: 2 | AE10: 5 | AF10: 3 | AG10: 4 | AH10: 2 | AI10: 3 | AL10: 6 | AN10: 6 | AP10: 4 | AQ10: 2 | AR10: 3 | AS10: 5 | AT10: 2 | AU10: 2 | AV10: 2 | AX10: 2 | AZ10: 4 | BB10: 2 | BC10: 1 | BE10: 5 | BF10: 5 | BG10: 6 | BH10: 3 | BI10: 2 | BJ10: 6 | BK10: 3 | BL10: 6 | BM10: 1 | BO10: 6 | BP10: 1 | BQ10: 3 | BR10: 3 | BU10: 1 | BV10: 4 | BW10: 2 | BX10: 3 | BY10: 6 | BZ10: 3 | CA10: 1 | CB10: 6 | CC10: 3 | CD10: 2 | CE10: 5 | CF10: 5 | CH10: 3 | CI10: 4 | CJ10: 2 | CK10: 1 | CL10: 2 | CM10: 2 | CN10: 1 | CO10: 5 | CP10: 1 | CR10: 1 | CU10: 3 | CV10: 1 | CX10: 3 | CY10: 4 | CZ10: 3 | DB10: 1 | DC10: 3 | DE10: 2 | DF10: 1 | DG10: 1 | DI10: 2 | DK10: 8 | DL10: 2 | DM10: 1 | DO10: 1 | DP10: 2 | DQ10: 1 | DR10: 5 | DS10: 1 | DT10: 1 | DU10: 2 | DV10: 2 | DW10: 3 | DX10: 1 | DY10: 6 | DZ10: 3 | EA10: 3 | EB10: 3 | EC10: 2 | ED10: 5 | EE10: 1 | EF10: 1 | EG10: 2 | EH10: 1 | EI10: 3 | EJ10: 1 | EK10: 2 | EL10: 4 | EN10: 3 | EO10: 5 | EQ10: 3 | ER10: 1 | ES10: 2 | ET10: 2 | EU10: 3 | EV10: 6 | EW10: 1 | EY10: 2 | EZ10: 3 | FA10: 4 | FD10: 9 | FE10: 7 | FF10: 4 | FI10: 5 | FJ10: 2 | FK10: 1 | FL10: 1 | FM10: 2 | FN10: 2 | FO10: 5 | FP10: 1 | FQ10: 2 | FT10: 1 | FU10: 3 | FV10: 4 | FW10: 1 | FZ10: 3 | GA10: 4 | GB10: 8 | GC10: 2 | GD10: 1 | GE10: 1 | GF10: 1 | GH10: 2 | GI10: 1 | GJ10: 1 | GK10: 3 | GL10: 5 | GM10: 6 | GN10: 6 | GO10: 3 | GP10: FALSE | GQ10: 0.60204082 | GR10: 475
A11: 强烈 | B11: 5 | C11: 3 | D11: 7 | G11: 4 | H11: 1 | I11: 1 | K11: 2 | M11: 1 | O11: 2 | P11: 2 | R11: 1 | S11: 1 | V11: 1 | W11: 6 | X11: 4 | Y11: 7 | AB11: 4 | AC11: 4 | AE11: 9 | AG11: 1 | AI11: 1 | AJ11: 3 | AL11: 3 | AM11: 1 | AN11: 1 | AQ11: 3 | AR11: 3 | AS11: 5 | AT11: 1 | AU11: 3 | AY11: 5 | BA11: 4 | BB11: 9 | BC11: 1 | BE11: 1 | BF11: 4 | BG11: 6 | BI11: 2 | BK11: 2 | BM11: 5 | BN11: 2 | BO11: 9 | BP11: 1 | BQ11: 1 | BS11: 5 | BW11: 7 | BX11: 4 | BY11: 4 | BZ11: 1 | CA11: 6 | CC11: 7 | CE11: 2 | CG11: 7 | CH11: 2 | CI11: 2 | CL11: 5 | CM11: 5 | CP11: 1 | CQ11: 3 | CR11: 2 | CS11: 1 | CT11: 2 | CU11: 2 | CW11: 4 | CX11: 8 | CY11: 1 | CZ11: 5 | DA11: 1 | DB11: 1 | DC11: 5 | DD11: 2 | DE11: 4 | DG11: 2 | DJ11: 1 | DK11: 1 | DM11: 6 | DN11: 4 | DO11: 4 | DP11: 2 | DR11: 3 | DS11: 3 | DU11: 4 | DV11: 2 | DW11: 4 | DX11: 3 | DY11: 2 | DZ11: 5 | EA11: 1 | EB11: 7 | EC11: 4 | ED11: 1 | EE11: 4 | EF11: 1 | EH11: 2 | EI11: 1 | EJ11: 8 | EK11: 1 | EM11: 2 | EN11: 3 | EO11: 8 | EP11: 1 | EQ11: 6 | ER11: 4 | ET11: 3 | EU11: 6 | EV11: 5 | EW11: 8 | EY11: 10 | FA11: 3 | FB11: 7 | FC11: 2 | FF11: 5 | FG11: 4 | FK11: 1 | FL11: 6 | FM11: 1 | FO11: 2 | FQ11: 3 | FR11: 6 | FS11: 1 | FT11: 2 | FU11: 6 | FV11: 3 | FW11: 2 | FX11: 5 | FY11: 3 | FZ11: 1 | GA11: 3 | GB11: 1 | GC11: 1 | GD11: 2 | GE11: 2 | GF11: 7 | GJ11: 3 | GK11: 5 | GM11: 2 | GN11: 1 | GO11: 6 | GP11: FALSE | GQ11: 0.52040816 | GR11: 469
A12: 角色 | B12: 4 | C12: 2 | D12: 2 | E12: 1 | F12: 6 | G12: 2 | H12: 2 | I12: 1 | J12: 3 | M12: 9 | O12: 4 | P12: 1 | Q12: 3 | R12: 3 | S12: 1 | T12: 4 | V12: 4 | W12: 1 | X12: 2 | Y12: 5 | Z12: 3 | AB12: 2 | AC12: 5 | AD12: 4 | AE12: 2 | AF12: 2 | AG12: 7 | AH12: 1 | AJ12: 6 | AK12: 3 | AL12: 2 | AN12: 5 | AO12: 1 | AP12: 3 | AR12: 4 | AS12: 2 | AT12: 5 | AU12: 5 | AV12: 6 | AX12: 4 | AZ12: 7 | BA12: 3 | BB12: 2 | BC12: 1 | BE12: 1 | BF12: 6 | BG12: 3 | BH12: 1 | BJ12: 2 | BK12: 3 | BL12: 3 | BO12: 2 | BP12: 1 | BR12: 2 | BS12: 2 | BT12: 1 | BV12: 5 | BW12: 1 | BY12: 2 | BZ12: 5 | CA12: 1 | CB12: 4 | CE12: 2 | CF12: 2 | CG12: 2 | CH12: 3 | CI12: 1 | CK12: 6 | CL12: 3 | CM12: 3 | CO12: 2 | CP12: 7 | CR12: 3 | CS12: 1 | CT12: 5 | CU12: 3 | CW12: 2 | CX12: 3 | CY12: 5 | CZ12: 2 | DB12: 1 | DC12: 2 | DD12: 4 | DE12: 2 | DG12: 5 | DH12: 3 | DJ12: 7 | DK12: 4 | DM12: 1 | DP12: 3 | DR12: 1 | DT12: 2 | DV12: 1 | DW12: 1 | DX12: 7 | DY12: 2 | DZ12: 1 | EA12: 5 | EB12: 2 | EC12: 3 | ED12: 1 | EE12: 6 | EF12: 7 | EH12: 5 | EI12: 7 | EJ12: 5 | EK12: 2 | EL12: 1 | EM12: 5 | EN12: 2 | EO12: 2 | EP12: 6 | EQ12: 2 | ER12: 2 | ET12: 5 | EU12: 3 | EV12: 2 | EW12: 4 | EY12: 4 | EZ12: 5 | FB12: 4 | FC12: 4 | FD12: 2 | FE12: 6 | FF12: 5 | FG12: 2 | FI12: 4 | FJ12: 1 | FK12: 5 | FL12: 1 | FM12: 7 | FN12: 2 | FO12: 4 | FP12: 7 | FQ12: 1 | FU12: 2 | FV12: 1 | FW12: 1 | FY12: 3 | GA12: 4 | GB12: 2 | GE12: 2 | GF12: 1 | GH12: 1 | GK12: 2 | GL12: 3 | GM12: 5 | GN12: 1 | GO12: 5 | GP12: FALSE | GQ12: 0.59693878 | GR12: 466
A13: 重要 | B13: 4 | C13: 2 | D13: 3 | E13: 1 | F13: 2 | G13: 2 | H13: 1 | J13: 2 | M13: 9 | O13: 4 | Q13: 2 | R13: 3 | S13: 2 | T13: 4 | V13: 4 | W13: 1 | X13: 2 | Y13: 5 | Z13: 3 | AB13: 2 | AC13: 4 | AD13: 4 | AE13: 2 | AF13: 2 | AG13: 5 | AJ13: 6 | AK13: 1 | AL13: 2 | AM13: 1 | AN13: 3 | AP13: 2 | AR13: 4 | AS13: 2 | AT13: 5 | AU13: 5 | AV13: 3 | AX13: 4 | AZ13: 6 | BA13: 3 | BB13: 2 | BC13: 1 | BE13: 1 | BF13: 6 | BG13: 3 | BH13: 1 | BJ13: 2 | BK13: 3 | BL13: 3 | BO13: 2 | BP13: 1 | BR13: 3 | BS13: 2 | BT13: 1 | BV13: 5 | BW13: 1 | BY13: 1 | BZ13: 4 | CA13: 1 | CB13: 3 | CE13: 2 | CF13: 2 | CG13: 2 | CH13: 3 | CI13: 1 | CK13: 6 | CL13: 3 | CM13: 3 | CO13: 2 | CP13: 6 | CR13: 5 | CS13: 1 | CT13: 5 | CU13: 1 | CW13: 1 | CX13: 3 | CY13: 5 | CZ13: 2 | DB13: 1 | DC13: 2 | DD13: 4 | DE13: 1 | DG13: 4 | DH13: 3 | DJ13: 7 | DK13: 3 | DM13: 1 | DP13: 3 | DR13: 1 | DT13: 2 | DW13: 1 | DX13: 7 | DY13: 2 | DZ13: 1 | EA13: 5 | EB13: 2 | EC13: 3 | ED13: 1 | EE13: 5 | EF13: 7 | EH13: 4 | EI13: 7 | EJ13: 5 | EK13: 2 | EL13: 1 | EM13: 5 | EN13: 2 | EO13: 2 | EP13: 6 | EQ13: 2 | ER13: 2 | ET13: 4 | EU13: 3 | EV13: 2 | EW13: 4 | EY13: 4 | EZ13: 5 | FB13: 4 | FC13: 4 | FD13: 1 | FE13: 4 | FF13: 5 | FG13: 2 | FI13: 4 | FJ13: 1 | FK13: 4 | FL13: 1 | FM13: 7 | FN13: 1 | FO13: 4 | FP13: 7 | FQ13: 1 | FU13: 2 | FV13: 1 | FW13: 1 | GA13: 3 | GE13: 2 | GF13: 1 | GH13: 1 | GK13: 2 | GL13: 2 | GM13: 5 | GN13: 1 | GO13: 5 | GP13: FALSE | GQ13: 0.55102041 | GR13: 423
A14: 社会 | B14: 4 | C14: 1 | D14: 2 | E14: 3 | F14: 5 | I14: 2 | J14: 3 | L14: 1 | M14: 6 | N14: 4 | O14: 3 | P14: 1 | R14: 3 | S14: 1 | T14: 2 | U14: 1 | V14: 4 | Y14: 5 | Z14: 1 | AB14: 1 | AC14: 4 | AD14: 4 | AE14: 1 | AF14: 2 | AG14: 4 | AH14: 1 | AJ14: 5 | AK14: 4 | AM14: 7 | AN14: 4 | AO14: 1 | AP14: 2 | AR14: 3 | AS14: 2 | AT14: 7 | AU14: 4 | AV14: 8 | AW14: 2 | AZ14: 5 | BA14: 1 | BC14: 2 | BD14: 4 | BE14: 1 | BF14: 3 | BG14: 2 | BJ14: 2 | BK14: 1 | BL14: 2 | BN14: 1 | BO14: 1 | BP14: 1 | BQ14: 2 | BR14: 4 | BS14: 1 | BT14: 1 | BU14: 1 | BV14: 4 | BW14: 1 | BY14: 1 | BZ14: 6 | CA14: 1 | CB14: 3 | CD14: 2 | CE14: 2 | CH14: 2 | CI14: 1 | CK14: 5 | CL14: 1 | CM14: 1 | CN14: 1 | CO14: 2 | CP14: 5 | CR14: 1 | CS14: 4 | CT14: 6 | CU14: 2 | CW14: 5 | CY14: 6 | CZ14: 3 | DB14: 1 | DC14: 3 | DD14: 5 | DE14: 1 | DG14: 3 | DI14: 2 | DJ14: 6 | DM14: 1 | DP14: 2 | DQ14: 1 | DR14: 2 | DV14: 1 | DX14: 5 | DY14: 1 | DZ14: 2 | EA14: 3 | EC14: 1 | ED14: 2 | EE14: 5 | EF14: 7 | EG14: 1 | EH14: 4 | EI14: 6 | EJ14: 3 | EK14: 2 | EL14: 2 | EM14: 4 | EN14: 4 | EO14: 1 | EP14: 7 | EQ14: 1 | ER14: 2 | ET14: 5 | EU14: 1 | EV14: 1 | EY14: 2 | EZ14: 3 | FB14: 2 | FC14: 2 | FD14: 3 | FE14: 2 | FF14: 3 | FG14: 2 | FH14: 1 | FI14: 6 | FJ14: 3 | FK14: 3 | FL14: 2 | FM14: 8 | FN14: 2 | FO14: 1 | FP14: 6 | FQ14: 4 | FU14: 1 | FV14: 1 | FY14: 2 | GA14: 3 | GB14: 1 | GD14: 1 | GE14: 1 | GF14: 1 | GH14: 3 | GI14: 1 | GK14: 2 | GL14: 1 | GM14: 6 | GO14: 5 | GP14: FALSE | GQ14: 0.49489796 | GR14: 400
A15: 友好 | B15: 4 | D15: 5 | H15: 1 | K15: 3 | P15: 2 | S15: 1 | X15: 4 | Y15: 9 | AB15: 5 | AC15: 4 | AE15: 6 | AK15: 4 | AQ15: 1 | AR15: 3 | AS15: 5 | AU15: 1 | AY15: 2 | BB15: 8 | BC15: 2 | BF15: 4 | BG15: 6 | BH15: 1 | BI15: 8 | BK15: 4 | BM15: 7 | BO15: 8 | BS15: 4 | BW15: 6 | BX15: 7 | BY15: 10 | CA15: 8 | CC15: 9 | CG15: 8 | CL15: 3 | CM15: 2 | CR15: 3 | CU15: 1 | CX15: 8 | CY15: 2 | CZ15: 4 | DA15: 2 | DE15: 5 | DH15: 6 | DI15: 4 | DL15: 1 | DM15: 8 | DR15: 7 | DU15: 9 | DV15: 2 | DW15: 7 | DX15: 1 | DY15: 2 | DZ15: 4 | EB15: 5 | EC15: 5 | EH15: 2 | EJ15: 8 | EM15: 1 | EN15: 1 | EO15: 8 | EQ15: 1 | ER15: 2 | ES15: 6 | ET15: 2 | EU15: 6 | EV15: 4 | EW15: 7 | EY15: 7 | EZ15: 2 | FA15: 4 | FB15: 1 | FF15: 5 | FL15: 6 | FO15: 3 | FS15: 4 | FT15: 1 | FU15: 1 | FV15: 4 | FW15: 7 | FX15: 8 | FZ15: 5 | GA15: 5 | GB15: 1 | GE15: 2 | GF15: 6 | GJ15: 1 | GK15: 9 | GM15: 1 | GN15: 1 | GO15: 10 | GP15: FALSE | GQ15: 0.36734694 | GR15: 393
A16: 勤劳 | C16: 1 | I16: 2 | M16: 6 | O16: 6 | P16: 1 | Q16: 3 | T16: 9 | V16: 8 | Y16: 1 | Z16: 10 | AA16: 4 | AC16: 4 | AD16: 1 | AG16: 3 | AI16: 1 | AJ16: 7 | AL16: 7 | AN16: 3 | AR16: 7 | AS16: 4 | AT16: 6 | AU16: 5 | AX16: 5 | AZ16: 1 | BA16: 8 | BI16: 2 | BJ16: 3 | BL16: 3 | BO16: 1 | BQ16: 10 | BS16: 2 | BV16: 3 | BZ16: 2 | CE16: 3 | CG16: 1 | CH16: 8 | CI16: 2 | CK16: 8 | CL16: 2 | CM16: 3 | CP16: 5 | CR16: 4 | CT16: 5 | CU16: 2 | CX16: 1 | CZ16: 1 | DC16: 6 | DD16: 9 | DE16: 4 | DG16: 3 | DJ16: 9 | DM16: 2 | DP16: 2 | DT16: 10 | DX16: 8 | DY16: 5 | EA16: 3 | EE16: 1 | EF16: 2 | EI16: 6 | EJ16: 2 | EK16: 7 | EM16: 8 | EN16: 4 | EO16: 1 | EP16: 8 | EQ16: 7 | ER16: 2 | ET16: 7 | EZ16: 8 | FA16: 5 | FC16: 2 | FF16: 3 | FG16: 4 | FI16: 1 | FK16: 8 | FM16: 2 | FO16: 2 | FP16: 7 | FQ16: 1 | FU16: 5 | FW16: 2 | GA16: 4 | GB16: 4 | GC16: 2 | GK16: 1 | GL16: 10 | GM16: 2 | GN16: 9 | GP16: FALSE | GQ16: 0.37755102 | GR16: 382
A17: 描述 | B17: 1 | C17: 2 | D17: 3 | E17: 2 | G17: 4 | H17: 1 | I17: 1 | J17: 1 | M17: 2 | O17: 1 | P17: 4 | Q17: 1 | R17: 1 | S17: 1 | W17: 2 | X17: 4 | Y17: 2 | Z17: 1 | AA17: 3 | AC17: 5 | AD17: 1 | AE17: 3 | AF17: 1 | AG17: 1 | AI17: 6 | AJ17: 4 | AK17: 4 | AL17: 2 | AM17: 1 | AN17: 2 | AP17: 1 | AR17: 3 | AS17: 1 | AT17: 1 | AU17: 1 | AV17: 2 | AW17: 1 | AX17: 6 | AY17: 2 | AZ17: 4 | BA17: 2 | BB17: 1 | BC17: 2 | BD17: 2 | BE17: 1 | BF17: 3 | BG17: 2 | BH17: 2 | BI17: 2 | BJ17: 1 | BK17: 2 | BL17: 4 | BO17: 4 | BP17: 1 | BS17: 1 | BW17: 4 | BX17: 2 | BY17: 3 | BZ17: 3 | CA17: 2 | CB17: 3 | CC17: 1 | CE17: 3 | CG17: 3 | CH17: 3 | CI17: 1 | CL17: 3 | CM17: 5 | CN17: 2 | CR17: 3 | CS17: 1 | CU17: 1 | CX17: 6 | CY17: 3 | CZ17: 4 | DA17: 7 | DB17: 5 | DC17: 3 | DD17: 3 | DE17: 2 | DF17: 1 | DG17: 3 | DH17: 1 | DJ17: 3 | DM17: 3 | DN17: 7 | DP17: 1 | DR17: 1 | DT17: 1 | DU17: 1 | DV17: 2 | DW17: 7 | DX17: 5 | DY17: 3 | DZ17: 5 | EA17: 3 | EB17: 1 | EC17: 2 | ED17: 3 | EF17: 2 | EG17: 3 | EH17: 1 | EI17: 4 | EJ17: 3 | EK17: 1 | EL17: 2 | EO17: 3 | EP17: 1 | ER17: 1 | ES17: 3 | ET17: 5 | EU17: 7 | EV17: 1 | EY17: 3 | EZ17: 5 | FA17: 5 | FC17: 3 | FE17: 1 | FH17: 1 | FI17: 2 | FL17: 2 | FM17: 4 | FO17: 1 | FP17: 3 | FQ17: 2 | FS17: 4 | FU17: 2 | FV17: 2 | GA17: 5 | GB17: 2 | GC17: 2 | GF17: 6 | GJ17: 3 | GK17: 2 | GL17: 2 | GM17: 7 | GN17: 1 | GO17: 2 | GP17: FALSE | GQ17: 0.48469388 | GR17: 357
A18: 教育 | C18: 2 | D18: 2 | E18: 6 | F18: 3 | H18: 4 | I18: 4 | J18: 4 | M18: 2 | N18: 9 | O18: 1 | P18: 8 | Q18: 1 | R18: 2 | S18: 1 | U18: 6 | Y18: 1 | AE18: 2 | AF18: 2 | AG18: 5 | AH18: 8 | AI18: 2 | AL18: 1 | AM18: 10 | AO18: 10 | AP18: 6 | AV18: 2 | AW18: 1 | AY18: 2 | AZ18: 1 | BB18: 1 | BD18: 9 | BE18: 8 | BI18: 2 | BL18: 5 | BN18: 2 | BP18: 3 | BQ18: 3 | BR18: 3 | BY18: 2 | BZ18: 1 | CC18: 1 | CD18: 8 | CE18: 1 | CF18: 2 | CI18: 1 | CJ18: 9 | CK18: 1 | CN18: 7 | CO18: 1 | CP18: 1 | CR18: 1 | CS18: 9 | CW18: 1 | CX18: 2 | CY18: 2 | CZ18: 1 | DB18: 4 | DC18: 1 | DE18: 1 | DF18: 10 | DH18: 1 | DI18: 5 | DJ18: 1 | DL18: 5 | DM18: 1 | DN18: 1 | DQ18: 2 | DR18: 4 | DT18: 1 | DW18: 1 | DY18: 2 | EB18: 1 | ED18: 9 | EG18: 9 | EH18: 2 | EI18: 1 | EJ18: 1 | EL18: 1 | EN18: 2 | EO18: 3 | EP18: 1 | EU18: 1 | EV18: 1 | FB18: 2 | FD18: 3 | FE18: 2 | FI18: 2 | FJ18: 8 | FM18: 3 | FU18: 1 | FV18: 1 | FY18: 1 | FZ18: 1 | GC18: 4 | GD18: 1 | GG18: 7 | GH18: 1 | GI18: 1 | GL18: 1 | GO18: 1 | GP18: FALSE | GQ18: 0.29591837 | GR18: 307
A19: 扮演着 | B19: 3 | C19: 2 | D19: 2 | E19: 1 | F19: 3 | G19: 1 | I19: 1 | J19: 1 | M19: 6 | O19: 2 | P19: 1 | Q19: 1 | R19: 1 | T19: 1 | V19: 3 | W19: 1 | X19: 2 | Y19: 4 | Z19: 1 | AB19: 1 | AC19: 2 | AD19: 2 | AE19: 2 | AF19: 1 | AG19: 4 | AJ19: 3 | AK19: 1 | AL19: 2 | AN19: 2 | AO19: 1 | AP19: 1 | AR19: 3 | AS19: 2 | AT19: 4 | AU19: 4 | AV19: 3 | AZ19: 4 | BA19: 1 | BB19: 2 | BC19: 1 | BF19: 5 | BG19: 3 | BH19: 1 | BJ19: 2 | BK19: 2 | BL19: 2 | BO19: 1 | BP19: 1 | BR19: 2 | BS19: 2 | BV19: 5 | BW19: 1 | BY19: 1 | BZ19: 3 | CA19: 1 | CB19: 2 | CE19: 2 | CG19: 2 | CH19: 2 | CK19: 4 | CL19: 2 | CM19: 3 | CP19: 5 | CR19: 1 | CS19: 1 | CT19: 5 | CU19: 2 | CX19: 3 | CY19: 2 | CZ19: 2 | DC19: 1 | DD19: 2 | DE19: 1 | DG19: 3 | DH19: 2 | DJ19: 3 | DK19: 2 | DM19: 1 | DP19: 1 | DR19: 1 | DW19: 1 | DX19: 5 | DY19: 2 | DZ19: 1 | EA19: 4 | EB19: 1 | EC19: 3 | ED19: 1 | EE19: 3 | EF19: 6 | EH19: 3 | EI19: 5 | EJ19: 5 | EK19: 1 | EL19: 1 | EM19: 4 | EN19: 2 | EO19: 2 | EP19: 6 | EQ19: 1 | ER19: 2 | ET19: 3 | EU19: 2 | EV19: 2 | EW19: 3 | EY19: 4 | EZ19: 4 | FB19: 4 | FC19: 4 | FD19: 1 | FE19: 1 | FF19: 3 | FG19: 2 | FI19: 2 | FJ19: 1 | FK19: 1 | FL19: 1 | FM19: 7 | FO19: 4 | FP19: 6 | FQ19: 1 | FU19: 1 | FV19: 1 | FW19: 1 | GA19: 3 | GE19: 2 | GF19: 1 | GK19: 2 | GL19: 1 | GM19: 5 | GO19: 5 | GP19: FALSE | GQ19: 0.42346939 | GR19: 307
A20: 价值观 | B20: 2 | C20: 7 | D20: 2 | E20: 3 | G20: 2 | H20: 4 | I20: 2 | J20: 5 | M20: 1 | P20: 3 | Q20: 4 | R20: 4 | V20: 2 | W20: 3 | X20: 2 | Y20: 4 | AA20: 1 | AC20: 2 | AE20: 3 | AF20: 1 | AG20: 1 | AI20: 4 | AL20: 2 | AN20: 1 | AO20: 1 | AP20: 2 | AQ20: 1 | AS20: 1 | AU20: 1 | AY20: 3 | BA20: 2 | BB20: 3 | BC20: 1 | BE20: 1 | BF20: 3 | BG20: 3 | BI20: 8 | BJ20: 2 | BK20: 1 | BL20: 6 | BM20: 2 | BO20: 4 | BP20: 1 | BR20: 2 | BS20: 2 | BW20: 2 | BX20: 1 | BY20: 3 | BZ20: 1 | CC20: 3 | CE20: 2 | CF20: 1 | CG20: 2 | CH20: 2 | CI20: 3 | CL20: 2 | CM20: 2 | CO20: 3 | CR20: 1 | CU20: 2 | CX20: 5 | CY20: 5 | CZ20: 1 | DA20: 1 | DB20: 5 | DC20: 4 | DE20: 3 | DF20: 1 | DG20: 1 | DK20: 4 | DM20: 1 | DN20: 3 | DO20: 2 | DP20: 1 | DQ20: 1 | DR20: 1 | DS20: 1 | DT20: 1 | DU20: 1 | DZ20: 2 | EA20: 5 | EB20: 4 | EC20: 1 | EE20: 3 | EF20: 1 | EG20: 3 | EH20: 1 | EI20: 2 | EJ20: 3 | EK20: 1 | EL20: 2 | EN20: 1 | EO20: 4 | EQ20: 4 | ER20: 2 | ET20: 1 | EU20: 3 | EV20: 3 | EW20: 3 | EY20: 4 | FA20: 5 | FC20: 1 | FD20: 1 | FE20: 3 | FI20: 4 | FL20: 1 | FM20: 1 | FN20: 2 | FO20: 2 | FQ20: 5 | FR20: 1 | FS20: 1 | FT20: 1 | FU20: 1 | FV20: 5 | FW20: 1 | FZ20: 3 | GB20: 1 | GC20: 2 | GE20: 2 | GF20: 2 | GJ20: 4 | GK20: 4 | GL20: 1 | GM20: 1 | GN20: 3 | GO20: 2 | GP20: FALSE | GQ20: 0.41326531 | GR20: 300
A21: 文化 | B21: 1 | C21: 1 | D21: 2 | F21: 3 | I21: 2 | K21: 1 | O21: 4 | P21: 1 | S21: 2 | T21: 1 | U21: 3 | V21: 1 | W21: 2 | X21: 4 | AA21: 1 | AB21: 1 | AC21: 1 | AE21: 2 | AI21: 2 | AK21: 8 | AL21: 3 | AO21: 3 | AP21: 4 | AR21: 1 | AX21: 5 | BA21: 1 | BB21: 3 | BC21: 12 | BF21: 3 | BG21: 3 | BH21: 1 | BJ21: 1 | BK21: 1 | BM21: 1 | BP21: 1 | BR21: 1 | BS21: 3 | BT21: 1 | BV21: 2 | BW21: 5 | BY21: 3 | CC21: 1 | CE21: 3 | CF21: 1 | CG21: 4 | CI21: 1 | CK21: 1 | CL21: 1 | CM21: 3 | CO21: 2 | CQ21: 2 | CT21: 1 | CU21: 2 | CW21: 4 | CX21: 2 | CY21: 2 | CZ21: 2 | DA21: 6 | DB21: 2 | DC21: 1 | DE21: 1 | DF21: 4 | DG21: 5 | DH21: 2 | DI21: 5 | DK21: 1 | DN21: 1 | DP21: 1 | DQ21: 4 | DT21: 1 | DU21: 1 | DV21: 1 | DW21: 6 | DX21: 1 | DY21: 1 | DZ21: 2 | EA21: 3 | EC21: 4 | EF21: 2 | EG21: 1 | EH21: 8 | EJ21: 1 | EL21: 3 | EN21: 1 | EO21: 6 | ER21: 4 | ES21: 5 | ET21: 2 | EU21: 4 | EV21: 2 | EW21: 6 | EY21: 2 | FB21: 3 | FC21: 2 | FF21: 1 | FK21: 2 | FL21: 6 | FM21: 3 | FO21: 2 | FQ21: 5 | FR21: 1 | FS21: 9 | FU21: 2 | FV21: 1 | FZ21: 2 | GA21: 1 | GC21: 1 | GE21: 1 | GF21: 4 | GH21: 2 | GJ21: 1 | GK21: 2 | GM21: 1 | GO21: 1 | GP21: FALSE | GQ21: 0.34693878 | GR21: 286
A22: 观念 | B22: 3 | C22: 2 | D22: 3 | E22: 1 | F22: 1 | G22: 1 | I22: 1 | K22: 3 | O22: 2 | P22: 1 | S22: 2 | W22: 4 | Y22: 1 | Z22: 1 | AB22: 4 | AC22: 3 | AE22: 1 | AJ22: 2 | AL22: 2 | AN22: 1 | AQ22: 5 | AR22: 1 | AS22: 1 | AU22: 4 | AY22: 3 | BA22: 1 | BB22: 1 | BC22: 1 | BF22: 3 | BG22: 6 | BH22: 1 | BI22: 4 | BK22: 2 | BM22: 5 | BO22: 5 | BS22: 6 | BW22: 1 | BX22: 1 | BY22: 2 | CA22: 6 | CC22: 6 | CE22: 1 | CG22: 1 | CI22: 1 | CL22: 2 | CM22: 2 | CQ22: 3 | CR22: 1 | CS22: 1 | CT22: 1 | CW22: 2 | CX22: 2 | CZ22: 2 | DB22: 1 | DC22: 4 | DE22: 2 | DJ22: 1 | DM22: 6 | DN22: 3 | DO22: 5 | DP22: 1 | DR22: 3 | DS22: 5 | DT22: 4 | DU22: 4 | DW22: 2 | DX22: 2 | DY22: 3 | DZ22: 2 | EB22: 1 | EC22: 2 | EE22: 2 | EJ22: 5 | EK22: 1 | EM22: 2 | EN22: 1 | EO22: 1 | EQ22: 2 | ER22: 3 | EU22: 1 | EV22: 3 | EW22: 4 | EY22: 1 | FA22: 3 | FC22: 2 | FF22: 4 | FG22: 3 | FL22: 2 | FO22: 1 | FQ22: 2 | FR22: 2 | FT22: 2 | FU22: 2 | FV22: 5 | FW22: 5 | FX22: 3 | FY22: 1 | FZ22: 3 | GB22: 2 | GC22: 1 | GD22: 1 | GE22: 2 | GF22: 7 | GJ22: 4 | GK22: 3 | GL22: 4 | GM22: 1 | GO22: 7 | GP22: FALSE | GQ22: 0.3622449 | GR22: 272
A23: 独立 | C23: 1 | G23: 9 | L23: 10 | N23: 9 | O23: 2 | P23: 3 | U23: 8 | AH23: 4 | AI23: 2 | AM23: 10 | AO23: 2 | AP23: 1 | AT23: 2 | AW23: 10 | BA23: 1 | BC23: 1 | BD23: 10 | BE23: 10 | BL23: 2 | BN23: 8 | BP23: 7 | CD23: 10 | CI23: 5 | CJ23: 6 | CN23: 9 | CS23: 10 | CT23: 2 | CV23: 3 | CW23: 4 | DB23: 4 | DC23: 1 | DE23: 1 | DF23: 1 | DI23: 6 | DL23: 7 | DN23: 5 | DV23: 10 | ED23: 10 | EE23: 1 | EG23: 3 | EK23: 4 | ER23: 1 | EY23: 2 | FB23: 7 | FC23: 4 | FG23: 6 | FJ23: 5 | FM23: 8 | FQ23: 3 | FU23: 1 | FX23: 1 | FZ23: 1 | GB23: 1 | GC23: 5 | GG23: 8 | GJ23: 2 | GP23: FALSE | GQ23: 0.21938776 | GR23: 269
A24: 坚韧 | B24: 1 | G24: 5 | M24: 5 | O24: 6 | T24: 7 | V24: 5 | Z24: 8 | AB24: 1 | AD24: 2 | AG24: 2 | AI24: 1 | AJ24: 9 | AL24: 2 | AN24: 3 | AP24: 1 | AR24: 2 | AS24: 2 | AT24: 5 | AU24: 1 | AX24: 5 | AY24: 1 | BA24: 2 | BC24: 1 | BJ24: 2 | BL24: 1 | BP24: 1 | BQ24: 4 | BS24: 2 | BZ24: 1 | CG24: 1 | CI24: 1 | CK24: 7 | CM24: 1 | CP24: 3 | CT24: 4 | CW24: 4 | CZ24: 2 | DC24: 2 | DD24: 8 | DE24: 1 | DG24: 1 | DJ24: 6 | DM24: 1 | DN24: 1 | DT24: 5 | DX24: 6 | DY24: 1 | EA24: 1 | EC24: 1 | ED24: 1 | EE24: 7 | EF24: 1 | EI24: 4 | EK24: 4 | EM24: 7 | EN24: 2 | EP24: 10 | EQ24: 4 | ER24: 4 | ET24: 4 | EY24: 1 | EZ24: 1 | FB24: 1 | FC24: 6 | FG24: 5 | FK24: 6 | FM24: 3 | FP24: 6 | FQ24: 3 | FX24: 1 | GA24: 2 | GB24: 2 | GC24: 1 | GL24: 3 | GP24: FALSE | GQ24: 0.23979592 | GR24: 234
A25: 注重 | B25: 3 | C25: 2 | D25: 1 | E25: 2 | F25: 2 | H25: 4 | I25: 4 | J25: 1 | L25: 1 | N25: 1 | P25: 3 | R25: 1 | S25: 1 | U25: 3 | W25: 1 | X25: 1 | AA25: 2 | AD25: 1 | AF25: 1 | AH25: 7 | AI25: 2 | AN25: 1 | AO25: 1 | AP25: 2 | AR25: 2 | AY25: 3 | AZ25: 2 | BD25: 3 | BH25: 1 | BI25: 2 | BK25: 1 | BL25: 1 | BM25: 1 | BN25: 1 | BO25: 1 | BQ25: 8 | BR25: 2 | BV25: 1 | BW25: 1 | BY25: 1 | BZ25: 2 | CA25: 1 | CD25: 4 | CE25: 1 | CH25: 2 | CJ25: 6 | CN25: 3 | CO25: 3 | CU25: 2 | CX25: 1 | CY25: 1 | CZ25: 2 | DB25: 3 | DD25: 1 | DH25: 2 | DI25: 2 | DK25: 1 | DL25: 1 | DN25: 1 | DR25: 3 | DT25: 2 | DU25: 1 | DV25: 1 | DW25: 1 | DZ25: 1 | EA25: 2 | ED25: 1 | EG25: 3 | EH25: 1 | EI25: 1 | EL25: 4 | ER25: 1 | EZ25: 1 | FA25: 2 | FF25: 1 | FI25: 1 | FJ25: 6 | FL25: 1 | FS25: 1 | FV25: 1 | FW25: 1 | FY25: 10 | GA25: 1 | GB25: 1 | GC25: 3 | GD25: 7 | GG25: 3 | GI25: 2 | GL25: 2 | GM25: 1 | GO25: 3 | GP25: FALSE | GQ25: 0.2244898 | GR25: 188
A26: 保守 | F26: 7 | H26: 3 | I26: 1 | J26: 9 | Q26: 4 | R26: 9 | S26: 4 | V26: 1 | AD26: 6 | AF26: 5 | AG26: 3 | AP26: 2 | AV26: 4 | AZ26: 6 | BJ26: 3 | BN26: 1 | BR26: 3 | BT26: 10 | BU26: 4 | BV26: 1 | BZ26: 1 | CB26: 8 | CE26: 2 | CF26: 8 | CH26: 1 | CO26: 9 | CY26: 2 | CZ26: 1 | DK26: 4 | DP26: 1 | EA26: 1 | EF26: 7 | EI26: 2 | EK26: 1 | EL26: 9 | EZ26: 1 | FD26: 8 | FE26: 3 | FH26: 5 | FI26: 5 | FN26: 10 | FP26: 1 | FV26: 1 | GH26: 5 | GP26: FALSE | GQ26: 0.15816327 | GR26: 182
A27: 穿着 | F27: 3 | H27: 1 | J27: 6 | Q27: 2 | R27: 4 | S27: 5 | V27: 1 | AD27: 3 | AF27: 6 | AP27: 2 | AV27: 3 | BN27: 2 | BP27: 1 | BR27: 10 | BT27: 11 | BU27: 9 | CB27: 6 | CF27: 9 | CO27: 8 | CU27: 1 | DK27: 3 | DP27: 2 | EF27: 3 | EL27: 6 | ER27: 1 | FD27: 7 | FE27: 2 | FH27: 10 | FI27: 1 | FN27: 5 | FY27: 1 | GH27: 9 | GP27: FALSE | GQ27: 0.12755102 | GR27: 143
A28: 视为 | B28: 1 | C28: 1 | E28: 1 | F28: 1 | H28: 2 | J28: 4 | L28: 3 | M28: 2 | O28: 1 | Y28: 1 | AC28: 1 | AD28: 3 | AF28: 1 | AG28: 2 | AH28: 3 | AL28: 1 | AO28: 1 | AT28: 1 | AU28: 1 | AV28: 6 | AW28: 2 | AY28: 1 | AZ28: 1 | BC28: 1 | BH28: 1 | BJ28: 3 | BN28: 1 | BQ28: 1 | BR28: 1 | BS28: 2 | BT28: 2 | BV28: 1 | BZ28: 2 | CA28: 1 | CB28: 1 | CF28: 3 | CK28: 1 | CL28: 1 | CO28: 3 | CP28: 2 | CR28: 1 | CT28: 1 | CU28: 1 | CV28: 2 | CW28: 1 | DC28: 1 | DD28: 1 | DH28: 2 | DP28: 1 | DS28: 1 | DY28: 1 | EE28: 1 | EF28: 1 | EH28: 1 | EI28: 3 | EJ28: 1 | EM28: 3 | EN28: 1 | EQ28: 1 | EW28: 1 | EZ28: 1 | FB28: 1 | FD28: 2 | FE28: 4 | FI28: 3 | FJ28: 3 | FM28: 1 | FN28: 4 | FO28: 1 | FP28: 1 | FV28: 1 | FZ28: 2 | GD28: 3 | GI28: 3 | GK28: 1 | GL28: 1 | GM28: 1 | GN28: 1 | GP28: FALSE | GQ28: 0.14285714 | GR28: 128
A29: 社区意识 | B29: 1 | D29: 4 | G29: 5 | I29: 1 | O29: 1 | X29: 2 | Y29: 5 | AE29: 5 | AR29: 1 | AS29: 2 | AT29: 1 | BA29: 2 | BB29: 7 | BC29: 1 | BF29: 1 | BM29: 1 | BW29: 2 | BX29: 3 | BY29: 1 | CC29: 1 | CG29: 4 | CM29: 1 | CQ29: 1 | CR29: 2 | CW29: 1 | CX29: 5 | CY29: 1 | CZ29: 3 | DA29: 1 | DD29: 1 | DE29: 1 | DH29: 1 | DJ29: 1 | DM29: 2 | DW29: 2 | DX29: 1 | DZ29: 2 | EB29: 6 | EC29: 1 | EH29: 1 | EJ29: 3 | EK29: 1 | EO29: 4 | ET29: 1 | EU29: 3 | EW29: 1 | EY29: 6 | FB29: 4 | FL29: 4 | FM29: 1 | FO29: 2 | FR29: 2 | FS29: 1 | FU29: 2 | GA29: 1 | GF29: 1 | GP29: FALSE | GQ29: 0.1377551 | GR29: 122
A30: 扮演 | B30: 1 | F30: 1 | G30: 1 | H30: 1 | J30: 2 | M30: 2 | O30: 2 | Q30: 1 | R30: 2 | S30: 1 | T30: 3 | V30: 1 | Y30: 1 | Z30: 1 | AB30: 1 | AC30: 3 | AD30: 1 | AF30: 1 | AG30: 2 | AH30: 1 | AJ30: 1 | AK30: 2 | AN30: 1 | AP30: 2 | AR30: 1 | AT30: 1 | AU30: 1 | AV30: 1 | AX30: 1 | AZ30: 3 | BA30: 2 | BE30: 1 | BF30: 1 | BK30: 1 | BL30: 1 | BO30: 1 | BT30: 1 | BY30: 1 | CB30: 2 | CF30: 2 | CI30: 1 | CK30: 1 | CL30: 1 | CO30: 2 | CP30: 1 | CR30: 1 | CW30: 1 | CY30: 3 | DB30: 1 | DC30: 1 | DD30: 2 | DE30: 1 | DG30: 2 | DH30: 1 | DJ30: 2 | DK30: 2 | DP30: 2 | DT30: 2 | DX30: 2 | EB30: 1 | EE30: 3 | EF30: 1 | EH30: 2 | EI30: 2 | EK30: 1 | EM30: 1 | EQ30: 1 | ET30: 2 | EU30: 1 | EW30: 1 | EZ30: 1 | FD30: 1 | FE30: 4 | FF30: 1 | FI30: 2 | FK30: 3 | FP30: 1 | FY30: 2 | GA30: 1 | GP30: FALSE | GQ30: 0.15306122 | GR30: 117
A31: 坚强 | C31: 2 | G31: 5 | M31: 1 | O31: 4 | T31: 2 | Z31: 1 | AA31: 2 | AD31: 1 | AJ31: 1 | AM31: 2 | AR31: 1 | AT31: 5 | AU31: 1 | BA31: 3 | BC31: 1 | BP31: 6 | BV31: 1 | CA31: 1 | CI31: 2 | CK31: 1 | CL31: 3 | CP31: 2 | CS31: 1 | CT31: 2 | CW31: 3 | CZ31: 1 | DB31: 1 | DC31: 1 | DD31: 2 | DE31: 1 | DJ31: 3 | DN31: 1 | DT31: 1 | DX31: 1 | EA31: 1 | EC31: 1 | ED31: 4 | EE31: 1 | EI31: 2 | EJ31: 1 | EM31: 1 | ET31: 1 | EY31: 1 | FC31: 4 | FG31: 4 | FK31: 3 | FM31: 7 | FQ31: 4 | FV31: 1 | GC31: 1 | GJ31: 9 | GP31: FALSE | GQ31: 0.12244898 | GR31: 112
A32: 联系 | B32: 3 | C32: 1 | I32: 2 | O32: 1 | Q32: 3 | T32: 1 | V32: 1 | W32: 1 | Z32: 2 | AB32: 2 | AD32: 2 | AF32: 1 | AN32: 2 | AR32: 3 | AS32: 1 | AT32: 1 | AZ32: 2 | BJ32: 1 | BK32: 1 | BO32: 3 | BU32: 1 | BW32: 2 | BX32: 1 | BZ32: 3 | CA32: 2 | CB32: 4 | CE32: 1 | CF32: 1 | CK32: 1 | CR32: 1 | CZ32: 1 | DE32: 1 | DM32: 1 | DU32: 2 | DY32: 1 | DZ32: 1 | EA32: 2 | EB32: 1 | EE32: 1 | EI32: 1 | EK32: 1 | EO32: 1 | EQ32: 2 | ER32: 2 | ES32: 2 | ET32: 1 | EU32: 1 | EV32: 1 | EW32: 1 | FA32: 2 | FF32: 2 | FI32: 1 | FK32: 1 | FL32: 1 | FP32: 1 | FS32: 1 | FU32: 2 | GA32: 2 | GB32: 1 | GK32: 1 | GM32: 3 | GO32: 2 | GP32: FALSE | GQ32: 0.12755102 | GR32: 95
A33: 服饰 | E33: 1 | F33: 2 | H33: 1 | I33: 2 | J33: 3 | Q33: 1 | R33: 1 | S33: 3 | V33: 2 | W33: 1 | AD33: 1 | AF33: 5 | AK33: 1 | AP33: 1 | AQ33: 1 | AV33: 1 | BF33: 1 | BK33: 1 | BR33: 4 | BS33: 1 | BT33: 6 | BU33: 5 | BV33: 3 | BZ33: 1 | CB33: 3 | CF33: 3 | CM33: 1 | CO33: 4 | CQ33: 1 | CU33: 2 | DG33: 4 | DK33: 4 | DM33: 1 | DO33: 1 | EF33: 3 | EL33: 2 | ER33: 2 | ES33: 1 | FD33: 4 | FH33: 1 | FK33: 1 | FN33: 4 | FP33: 1 | FV33: 1 | GH33: 1 | GP33: FALSE | GQ33: 0.10714286 | GR33: 94
A34: 多元 | D34: 1 | U34: 5 | AK34: 7 | AO34: 8 | AW34: 5 | BC34: 9 | BW34: 2 | BY34: 1 | CJ34: 1 | CS34: 1 | CW34: 5 | DA34: 6 | DF34: 2 | DH34: 2 | DI34: 9 | DQ34: 3 | DV34: 3 | DW34: 2 | EB34: 1 | EH34: 7 | FL34: 1 | FQ34: 3 | FS34: 8 | FZ34: 1 | GP34: FALSE | GQ34: 0.086734694 | GR34: 93
A35: 高 | N35: 6 | P35: 3 | U35: 2 | AH35: 6 | AM35: 6 | AO35: 6 | AV35: 1 | BD35: 8 | BE35: 3 | BN35: 1 | BR35: 1 | CD35: 6 | CI35: 1 | CJ35: 8 | CN35: 4 | CS35: 2 | DF35: 2 | DI35: 3 | DL35: 1 | ED35: 5 | EG35: 4 | FJ35: 4 | FY35: 1 | GC35: 1 | GG35: 5 | GI35: 1 | GP35: FALSE | GQ35: 0.091836735 | GR35: 91
A36: 水平 | N36: 6 | P36: 4 | R36: 1 | U36: 2 | AH36: 5 | AM36: 5 | AO36: 4 | BD36: 8 | BE36: 3 | BL36: 1 | BP36: 2 | CD36: 5 | CI36: 1 | CJ36: 6 | CN36: 5 | CS36: 3 | CW36: 1 | DB36: 1 | DF36: 2 | DI36: 2 | DL36: 1 | DN36: 1 | ED36: 6 | EG36: 4 | FJ36: 4 | GC36: 2 | GG36: 4 | GI36: 1 | GP36: FALSE | GQ36: 0.10204082 | GR36: 90
A37: 职业 | D37: 1 | E37: 5 | H37: 4 | J37: 1 | L37: 2 | N37: 4 | S37: 1 | U37: 3 | AF37: 1 | AG37: 1 | AH37: 4 | AI37: 1 | AM37: 1 | AO37: 2 | AP37: 4 | AV37: 1 | AY37: 1 | BE37: 3 | BI37: 1 | BL37: 3 | BQ37: 2 | BY37: 1 | CC37: 1 | CE37: 2 | CN37: 1 | CO37: 1 | CS37: 2 | CU37: 1 | CY37: 1 | DB37: 2 | DC37: 1 | DF37: 3 | DI37: 2 | DL37: 1 | DN37: 1 | DQ37: 1 | DR37: 2 | ED37: 1 | EE37: 1 | EG37: 1 | EJ37: 1 | EN37: 1 | FB37: 1 | FE37: 1 | FI37: 2 | FJ37: 6 | FM37: 1 | FZ37: 1 | GC37: 1 | GG37: 1 | GJ37: 1 | GP37: FALSE | GQ37: 0.096938776 | GR37: 89
A38: 生活 | E38: 2 | G38: 3 | K38: 1 | M38: 2 | N38: 3 | P38: 1 | Q38: 1 | S38: 1 | U38: 2 | W38: 2 | AB38: 1 | AD38: 1 | AE38: 1 | AH38: 2 | AI38: 1 | AN38: 2 | AP38: 1 | AU38: 1 | AV38: 1 | AW38: 1 | BB38: 1 | BH38: 1 | BL38: 1 | BW38: 1 | BZ38: 1 | CE38: 2 | CJ38: 6 | CL38: 1 | CM38: 1 | CN38: 1 | DA38: 1 | DF38: 2 | DG38: 2 | DH38: 2 | DI38: 1 | DO38: 1 | DR38: 1 | DV38: 1 | DW38: 1 | DY38: 1 | DZ38: 1 | EA38: 1 | EC38: 1 | EE38: 3 | EF38: 2 | EG38: 1 | EH38: 1 | EL38: 2 | EN38: 1 | ES38: 2 | EY38: 1 | FC38: 1 | FJ38: 1 | FV38: 1 | FZ38: 2 | GA38: 1 | GC38: 1 | GG38: 2 | GH38: 1 | GI38: 3 | GJ38: 1 | GP38: FALSE | GQ38: 0.10204082 | GR38: 89
A39: 头巾 | F39: 3 | H39: 1 | J39: 4 | R39: 2 | S39: 1 | AD39: 2 | AF39: 2 | AP39: 2 | AV39: 2 | BR39: 9 | BT39: 2 | BU39: 10 | CB39: 4 | CF39: 8 | CO39: 6 | DK39: 3 | EF39: 2 | EL39: 2 | FD39: 6 | FH39: 5 | FI39: 1 | FN39: 3 | GH39: 7 | GP39: FALSE | GQ39: 0.10204082 | GR39: 87
A40: 责任感 | M40: 2 | O40: 1 | P40: 1 | S40: 1 | V40: 1 | AC40: 1 | AG40: 1 | AJ40: 2 | AL40: 2 | AR40: 1 | AS40: 1 | AT40: 1 | AU40: 1 | BA40: 2 | BK40: 2 | BN40: 1 | BQ40: 1 | BS40: 1 | CC40: 1 | CG40: 1 | CH40: 2 | CL40: 2 | CM40: 2 | CP40: 1 | CT40: 3 | CU40: 2 | CW40: 2 | DC40: 1 | DD40: 2 | DG40: 1 | DJ40: 1 | DP40: 3 | DX40: 2 | DZ40: 1 | EA40: 1 | EB40: 1 | EC40: 2 | EE40: 1 | EH40: 1 | EJ40: 1 | EM40: 2 | EN40: 2 | EP40: 1 | EQ40: 3 | ER40: 1 | ET40: 2 | FC40: 1 | FG40: 2 | FK40: 1 | FU40: 3 | FW40: 1 | FX40: 1 | FY40: 1 | GD40: 1 | GE40: 2 | GF40: 1 | GM40: 1 | GN40: 2 | GP40: FALSE | GQ40: 0.11734694 | GR40: 85
A41: 长袍 | F41: 3 | J41: 4 | R41: 1 | AD41: 3 | AF41: 2 | AP41: 2 | AV41: 3 | BR41: 6 | BT41: 7 | BU41: 5 | CB41: 3 | CF41: 7 | CO41: 7 | DK41: 1 | EF41: 2 | EL41: 2 | FD41: 4 | FH41: 7 | FN41: 3 | GH41: 9 | GP41: FALSE | GQ41: 0.091836735 | GR41: 81
A42: 开放 | K42: 1 | P42: 2 | U42: 5 | AK42: 2 | AW42: 4 | AY42: 1 | BD42: 4 | BE42: 2 | BH42: 3 | CD42: 2 | CN42: 6 | CQ42: 1 | DF42: 7 | DH42: 2 | DI42: 5 | DL42: 1 | DO42: 1 | DQ42: 2 | DR42: 2 | DV42: 4 | EH42: 1 | EO42: 2 | FA42: 1 | FB42: 2 | FL42: 5 | FS42: 6 | FT42: 3 | GP42: FALSE | GQ42: 0.10204082 | GR42: 77
A43: 开朗 | B43: 2 | D43: 7 | K43: 3 | L43: 1 | T43: 1 | X43: 1 | AB43: 5 | AK43: 1 | AQ43: 5 | AY43: 3 | BB43: 1 | BO43: 1 | BX43: 1 | CC43: 2 | CL43: 1 | CQ43: 2 | DH43: 3 | DO43: 4 | DR43: 1 | DW43: 4 | EB43: 4 | ES43: 1 | EU43: 1 | FF43: 1 | FK43: 1 | FL43: 3 | FR43: 6 | FS43: 1 | FT43: 3 | FZ43: 3 | GF43: 3 | GP43: FALSE | GQ43: 0.086734694 | GR43: 76
A44: 有着 | B44: 1 | C44: 1 | E44: 1 | G44: 2 | O44: 3 | X44: 1 | Y44: 1 | AA44: 2 | AE44: 2 | AI44: 1 | AP44: 1 | AS44: 1 | BB44: 1 | BF44: 1 | BI44: 1 | BN44: 2 | BO44: 1 | BP44: 2 | BS44: 3 | BT44: 1 | BX44: 1 | CB44: 1 | CC44: 2 | CE44: 2 | CG44: 1 | CH44: 1 | CM44: 1 | CV44: 3 | CZ44: 1 | DD44: 1 | DF44: 1 | DL44: 1 | DO44: 1 | DP44: 1 | DW44: 1 | DZ44: 1 | EC44: 2 | ED44: 1 | EG44: 2 | EH44: 1 | EO44: 1 | ES44: 1 | EV44: 3 | EW44: 1 | FC44: 1 | FQ44: 1 | FR44: 2 | FV44: 1 | FY44: 3 | GA44: 1 | GB44: 1 | GC44: 2 | GF44: 1 | GK44: 1 | GP44: FALSE | GQ44: 0.081632653 | GR44: 75
A45: 现代 | E45: 4 | F45: 1 | G45: 1 | H45: 4 | I45: 1 | J45: 1 | R45: 1 | S45: 1 | W45: 2 | AE45: 1 | AF45: 3 | AH45: 1 | AN45: 2 | AO45: 2 | AP45: 2 | BJ45: 1 | BL45: 1 | BO45: 1 | BW45: 1 | BZ45: 1 | CE45: 3 | CI45: 2 | CT45: 2 | CU45: 1 | CW45: 1 | CY45: 2 | DB45: 1 | DC45: 1 | DE45: 1 | DF45: 1 | DG45: 1 | DP45: 1 | DQ45: 1 | DZ45: 3 | EA45: 2 | EE45: 3 | EF45: 1 | EH45: 2 | EK45: 1 | EQ45: 1 | FC45: 1 | FG45: 1 | FI45: 2 | FJ45: 1 | FQ45: 1 | FZ45: 1 | GJ45: 2 | GM45: 1 | GO45: 1 | GP45: FALSE | GQ45: 0.086734694 | GR45: 74
A46: 尊重 | E46: 1 | H46: 3 | R46: 2 | S46: 5 | V46: 1 | AF46: 1 | AG46: 1 | AP46: 1 | AZ46: 1 | BF46: 2 | BK46: 2 | BR46: 2 | BV46: 3 | BZ46: 1 | CB46: 1 | CE46: 1 | CF46: 2 | CH46: 3 | CO46: 1 | CR46: 1 | CU46: 2 | CY46: 6 | DA46: 1 | DB46: 1 | DC46: 2 | DG46: 1 | DI46: 1 | DP46: 2 | DT46: 1 | DY46: 2 | DZ46: 2 | EA46: 1 | EF46: 2 | EK46: 1 | EL46: 2 | EO46: 1 | FO46: 4 | FQ46: 1 | FZ46: 1 | GE46: 2 | GH46: 1 | GN46: 2 | GP46: FALSE | GQ46: 0.10204082 | GR46: 74
A47: 积极参与 | D47: 2 | E47: 1 | H47: 1 | I47: 1 | J47: 1 | M47: 1 | N47: 3 | V47: 1 | AF47: 1 | AL47: 1 | AM47: 2 | AN47: 1 | AT47: 1 | AW47: 1 | AY47: 1 | BA47: 1 | BD47: 1 | BL47: 2 | BO47: 2 | BR47: 1 | BZ47: 2 | CD47: 1 | CE47: 2 | CG47: 1 | CN47: 1 | CS47: 2 | CT47: 1 | CU47: 1 | CW47: 1 | CY47: 3 | DB47: 1 | DC47: 1 | DD47: 1 | DG47: 1 | DH47: 3 | DJ47: 1 | DQ47: 1 | DR47: 1 | DV47: 1 | DZ47: 2 | ED47: 2 | EE47: 1 | EG47: 2 | EH47: 1 | EL47: 1 | EO47: 1 | ER47: 1 | FG47: 1 | FI47: 1 | FJ47: 2 | FL47: 1 | GM47: 1 | GP47: FALSE | GQ47: 0.071428571 | GR47: 69
A48: 善于 | B48: 1 | D48: 2 | K48: 1 | T48: 2 | U48: 1 | AB48: 2 | AE48: 1 | AK48: 1 | AL48: 1 | AQ48: 3 | AR48: 1 | AS48: 1 | AT48: 1 | BB48: 1 | BE48: 1 | BF48: 1 | BH48: 1 | BI48: 1 | BM48: 2 | BX48: 1 | BY48: 1 | CC48: 2 | CM48: 2 | CQ48: 2 | CR48: 1 | CT48: 1 | DH48: 1 | DM48: 1 | DU48: 2 | DW48: 1 | EB48: 2 | EJ48: 1 | EN48: 1 | EW48: 2 | FB48: 1 | FC48: 1 | FF48: 1 | FL48: 2 | FO48: 1 | FP48: 1 | FR48: 2 | FS48: 1 | FT48: 3 | FU48: 2 | GE48: 2 | GF48: 3 | GP48: FALSE | GQ48: 0.086734694 | GR48: 66
A49: 承担 | D49: 1 | M49: 1 | T49: 4 | Z49: 2 | AD49: 2 | AG49: 2 | AJ49: 1 | AN49: 1 | AT49: 2 | AV49: 6 | AX49: 3 | BJ49: 1 | BZ49: 2 | CK49: 3 | CP49: 3 | CR49: 1 | CT49: 1 | CU49: 1 | CY49: 1 | DG49: 1 | DJ49: 1 | DP49: 2 | DT49: 2 | DY49: 1 | EN49: 1 | EP49: 2 | ET49: 2 | EZ49: 1 | FE49: 1 | FF49: 1 | FK49: 3 | FN49: 2 | FU49: 1 | FW49: 1 | FY49: 1 | GB49: 1 | GD49: 1 | GL49: 1 | GN49: 1 | GO49: 1 | GP49: FALSE | GQ49: 0.081632653 | GR49: 66
A50: 发展 | E50: 3 | H50: 4 | L50: 3 | P50: 1 | S50: 1 | U50: 2 | W50: 1 | AH50: 5 | AN50: 1 | AO50: 1 | AP50: 3 | AU50: 1 | AY50: 1 | BB50: 1 | BE50: 3 | BI50: 1 | BL50: 1 | BQ50: 2 | BY50: 1 | CC50: 1 | CJ50: 1 | CO50: 1 | CP50: 1 | CT50: 1 | CY50: 2 | DB50: 2 | DI50: 2 | DL50: 2 | DR50: 2 | DZ50: 1 | EB50: 1 | ED50: 1 | EL50: 1 | FI50: 1 | FJ50: 4 | FM50: 3 | GG50: 1 | GJ50: 1 | GP50: FALSE | GQ50: 0.076530612 | GR50: 65
A51: 时尚 | U51: 4 | AH51: 5 | AI51: 1 | AO51: 1 | AQ51: 2 | AY51: 1 | BD51: 1 | BH51: 2 | BI51: 1 | BN51: 3 | BP51: 2 | CV51: 10 | DL51: 2 | DO51: 1 | DS51: 7 | DU51: 1 | EG51: 1 | FB51: 1 | FY51: 10 | GD51: 2 | GI51: 7 | GP51: FALSE | GQ51: 0.06122449 | GR51: 65
A52: 热情好客 | B52: 2 | E52: 2 | W52: 2 | X52: 3 | AC52: 2 | AE52: 5 | BA52: 1 | BF52: 2 | BG52: 2 | BK52: 1 | BS52: 2 | BX52: 2 | BZ52: 1 | CE52: 1 | CG52: 1 | CL52: 1 | CM52: 2 | CR52: 1 | CX52: 1 | DA52: 2 | DC52: 2 | DE52: 2 | DH52: 2 | DY52: 2 | DZ52: 2 | EC52: 1 | EN52: 1 | EU52: 1 | EV52: 4 | FA52: 1 | FO52: 3 | FV52: 3 | FZ52: 2 | GB52: 2 | GP52: FALSE | GQ52: 0.1122449 | GR52: 64
A53: 活动 | D53: 1 | G53: 1 | I53: 1 | J53: 1 | M53: 1 | X53: 1 | Z53: 1 | AE53: 1 | AF53: 1 | AM53: 2 | AN53: 1 | AP53: 1 | AR53: 1 | AT53: 2 | AV53: 2 | AZ53: 1 | BA53: 1 | BF53: 2 | BJ53: 1 | BT53: 1 | BZ53: 3 | CD53: 1 | CP53: 2 | CS53: 1 | CT53: 1 | CU53: 2 | CW53: 1 | CX53: 1 | CY53: 1 | DC53: 1 | DD53: 2 | DJ53: 1 | DO53: 1 | DP53: 1 | DQ53: 1 | DR53: 1 | EG53: 1 | EH53: 1 | EI53: 1 | EN53: 1 | ET53: 1 | EU53: 1 | EY53: 1 | EZ53: 1 | FB53: 1 | FD53: 2 | FG53: 1 | FI53: 1 | FJ53: 2 | FL53: 1 | FM53: 1 | GM53: 1 | GP53: FALSE | GQ53: 0.051020408 | GR53: 63
A54: 关系 | E54: 1 | K54: 1 | Q54: 1 | S54: 2 | X54: 1 | Y54: 1 | AB54: 2 | AE54: 1 | AL54: 1 | AN54: 2 | AS54: 2 | BF54: 2 | BG54: 2 | BK54: 1 | BM54: 1 | BO54: 2 | BV54: 1 | BX54: 1 | BY54: 1 | CB54: 1 | CE54: 1 | CH54: 1 | CL54: 1 | CR54: 1 | CX54: 1 | CY54: 1 | DG54: 1 | DK54: 1 | DR54: 1 | DU54: 1 | DW54: 1 | DY54: 1 | DZ54: 2 | EA54: 1 | EB54: 1 | EJ54: 1 | EN54: 1 | EQ54: 1 | ET54: 1 | EU54: 1 | EY54: 1 | EZ54: 1 | FA54: 2 | FF54: 1 | FO54: 2 | FP54: 1 | FT54: 1 | FV54: 1 | FW54: 1 | GK54: 1 | GN54: 1 | GO54: 1 | GP54: FALSE | GQ54: 0.051020408 | GR54: 62
A55: 和谐 | B55: 1 | F55: 1 | I55: 1 | S55: 1 | AG55: 3 | AL55: 1 | AR55: 1 | AS55: 1 | AZ55: 1 | BF55: 1 | BJ55: 1 | BK55: 3 | BQ55: 3 | BR55: 2 | BV55: 2 | BY55: 2 | BZ55: 1 | CH55: 1 | CO55: 3 | CT55: 1 | CU55: 1 | CX55: 1 | DD55: 1 | DG55: 1 | DH55: 1 | DK55: 3 | DT55: 1 | DW55: 1 | EA55: 2 | EC55: 1 | EF55: 1 | EI55: 2 | EL55: 1 | EZ55: 1 | FI55: 1 | FO55: 2 | FV55: 1 | FW55: 1 | GA55: 3 | GD55: 2 | GF55: 1 | GO55: 2 | GP55: FALSE | GQ55: 0.071428571 | GR55: 62
A56: 描绘 | B56: 2 | C56: 1 | F56: 1 | M56: 2 | O56: 1 | V56: 1 | Y56: 1 | Z56: 1 | AJ56: 1 | AL56: 1 | AP56: 1 | AR56: 1 | AS56: 1 | AU56: 1 | AZ56: 1 | BA56: 2 | BB56: 1 | BF56: 1 | BJ56: 1 | BM56: 2 | BS56: 1 | BV56: 2 | CB56: 1 | CG56: 1 | CK56: 2 | CL56: 1 | CP56: 1 | CR56: 1 | CT56: 1 | DG56: 1 | DJ56: 2 | DP56: 1 | DT56: 1 | DZ56: 1 | EA56: 1 | EB56: 1 | EF56: 1 | EL56: 1 | EM56: 2 | EP56: 2 | EQ56: 1 | ES56: 1 | ET56: 1 | EY56: 1 | FC56: 1 | FE56: 1 | FF56: 1 | FK56: 1 | FP56: 1 | FU56: 2 | GK56: 1 | GP56: FALSE | GQ56: 0.051020408 | GR56: 61
A57: 拥有 | B57: 1 | C57: 4 | D57: 1 | K57: 1 | P57: 1 | W57: 1 | X57: 1 | AA57: 1 | AI57: 2 | AK57: 1 | AQ57: 1 | AX57: 4 | AY57: 3 | BA57: 1 | BB57: 1 | BC57: 1 | BH57: 1 | BL57: 1 | BS57: 2 | BV57: 1 | CE57: 1 | CG57: 1 | CI57: 2 | CM57: 2 | CQ57: 1 | CU57: 2 | DA57: 1 | DG57: 2 | DH57: 1 | DL57: 1 | DW57: 1 | EA57: 1 | EB57: 1 | EG57: 1 | ES57: 6 | FQ57: 1 | FR57: 1 | FU57: 1 | FV57: 1 | FX57: 1 | GK57: 1 | GP57: FALSE | GQ57: 0.051020408 | GR57: 60
